,author_ID,affiliation_type,affiliation,perfective,features,corrective,nonfunctional
0,2,Volunteer,volunteer,42,2,1,0
1,8,Volunteer,volunteer,2,1,0,0
2,10,Volunteer,volunteer,1,0,2,0
3,11,Volunteer,volunteer,1,0,1,0
4,15,Volunteer,volunteer,9,5,4,0
5,16,Volunteer,volunteer,19,4,4,1
6,17,Volunteer,volunteer,30,9,7,2
7,18,Volunteer,volunteer,2,0,0,1
8,21,Volunteer,volunteer,0,1,1,0
9,24,Volunteer,volunteer,1,3,2,0
10,26,Volunteer,volunteer,19,7,2,0
11,28,Volunteer,volunteer,9,6,9,0
12,30,Volunteer,volunteer,14,15,6,1
13,33,Volunteer,volunteer,0,0,2,0
14,34,Volunteer,volunteer,1,0,2,0
15,37,Volunteer,volunteer,15,2,1,0
16,43,Volunteer,volunteer,0,1,1,0
17,45,Volunteer,volunteer,11,7,12,1
18,46,Volunteer,volunteer,3,0,0,0
19,49,Volunteer,volunteer,1,2,2,1
20,50,Volunteer,volunteer,12,7,2,1
21,53,Volunteer,volunteer,3,1,10,1
22,54,Volunteer,volunteer,16,11,9,3
23,57,Volunteer,volunteer,12,1,3,1
24,61,Paid developer,huawei,4,4,4,0
25,62,Paid developer,oracle,3,0,2,0
26,67,Volunteer,volunteer,4,0,2,1
27,71,Volunteer,volunteer,1,0,3,0
28,73,Volunteer,volunteer,6,4,12,0
29,74,Volunteer,volunteer,3,0,1,0
30,76,Volunteer,volunteer,25,14,2,0
31,77,Volunteer,volunteer,1,1,1,0
32,78,Volunteer,volunteer,7,5,5,0
33,82,Volunteer,volunteer,6,1,2,2
34,85,Volunteer,volunteer,13,3,2,0
35,86,Volunteer,volunteer,8,6,5,1
36,88,Volunteer,volunteer,28,3,0,0
37,89,Paid developer,appfour,24,18,13,0
38,90,Volunteer,volunteer,24,1,10,3
39,95,Paid developer,Sentry,1,5,3,1
40,95,Volunteer,volunteer,1,0,0,0
41,103,Volunteer,volunteer,3,1,2,1
42,104,Volunteer,volunteer,39,4,7,0
43,105,Volunteer,volunteer,0,0,0,2
44,107,Volunteer,volunteer,8,0,3,0
45,108,Volunteer,volunteer,2,0,2,1
46,114,Volunteer,volunteer,8,3,1,0
47,117,Volunteer,volunteer,5,2,2,0
48,118,Volunteer,volunteer,9,7,10,7
49,119,Paid developer,google,0,2,2,0
50,123,Volunteer,volunteer,7,1,7,3
51,125,Volunteer,volunteer,15,8,8,0
52,128,Volunteer,volunteer,7,1,5,1
53,130,Volunteer,volunteer,26,8,3,0
54,133,Volunteer,volunteer,4,1,1,0
55,136,Volunteer,volunteer,0,1,1,0
56,138,Paid developer,google,9,2,12,0
57,140,Volunteer,volunteer,2,0,0,0
58,141,Volunteer,volunteer,20,8,5,0
59,144,Volunteer,volunteer,2,1,3,0
60,146,Volunteer,volunteer,12,9,4,0
61,147,Volunteer,volunteer,19,7,5,4
62,148,Volunteer,volunteer,8,2,1,0
63,149,Volunteer,volunteer,2,2,1,2
64,151,Volunteer,volunteer,3,0,0,1
65,152,Volunteer,volunteer,20,3,5,0
66,154,Volunteer,volunteer,3,2,2,1
67,156,Volunteer,volunteer,2,2,0,0
68,157,Paid developer,huawei,5,5,0,0
69,158,Paid developer,Mattet Labs,3,4,1,1
70,159,Volunteer,volunteer,2,2,0,1
71,162,Volunteer,volunteer,9,7,7,1
72,166,Volunteer,volunteer,11,3,5,0
73,167,Paid developer,arm,9,2,3,0
74,169,Volunteer,volunteer,15,4,8,1
75,170,Volunteer,volunteer,2,2,1,0
76,171,Volunteer,volunteer,3,1,0,0
77,172,Volunteer,volunteer,34,3,2,0
78,174,Volunteer,volunteer,1,1,1,0
79,175,Volunteer,volunteer,23,15,3,0
80,176,Volunteer,volunteer,27,1,6,0
81,178,Volunteer,volunteer,29,1,2,1
82,182,Volunteer,volunteer,1,3,1,0
83,183,Volunteer,volunteer,2,1,1,0
84,187,Volunteer,volunteer,3,2,0,0
85,188,Volunteer,volunteer,3,0,0,0
86,190,Volunteer,volunteer,0,2,0,0
87,192,Volunteer,volunteer,16,1,0,0
88,198,Volunteer,volunteer,3,5,1,0
89,200,Volunteer,volunteer,3,1,1,0
90,201,Volunteer,volunteer,5,1,0,0
91,203,Volunteer,volunteer,0,0,1,1
92,207,Volunteer,volunteer,7,4,1,0
93,208,Volunteer,volunteer,2,3,0,1
94,209,Volunteer,volunteer,2,1,1,0
95,211,Volunteer,volunteer,2,0,0,0
96,212,Volunteer,volunteer,23,6,2,1
97,213,Paid developer,google,2,3,0,0
98,214,Volunteer,volunteer,15,5,1,0
99,215,Volunteer,volunteer,3,0,4,1
100,217,Volunteer,volunteer,5,3,6,1
101,218,Volunteer,volunteer,43,5,5,0
102,219,Volunteer,volunteer,32,7,4,1
103,220,Volunteer,volunteer,1,0,1,0
104,221,Paid developer,kernel,2,6,7,1
105,224,Volunteer,volunteer,0,1,1,0
106,226,Volunteer,volunteer,5,2,2,1
107,227,Volunteer,volunteer,29,5,13,6
108,228,Volunteer,volunteer,1,1,0,0
109,231,Volunteer,volunteer,1,1,1,1
110,232,Volunteer,volunteer,12,10,14,0
111,233,Volunteer,volunteer,35,5,7,1
112,238,Volunteer,volunteer,0,0,2,0
113,241,Volunteer,volunteer,25,3,2,1
114,244,Volunteer,volunteer,5,2,1,0
115,245,Volunteer,volunteer,4,2,2,0
116,247,Volunteer,volunteer,29,11,14,0
117,248,Volunteer,volunteer,4,3,1,0
118,249,Volunteer,volunteer,1,0,1,0
119,250,Volunteer,volunteer,14,7,13,2
120,251,Volunteer,volunteer,0,1,2,0
121,255,Volunteer,volunteer,3,0,0,0
122,256,Volunteer,volunteer,4,0,0,0
123,257,Paid developer,centricular,28,7,9,2
124,258,Volunteer,volunteer,3,3,0,0
125,260,Volunteer,volunteer,2,0,0,0
126,261,Volunteer,volunteer,29,11,6,0
127,262,Volunteer,volunteer,8,1,2,1
128,263,Volunteer,volunteer,2,1,0,0
129,265,Volunteer,volunteer,5,2,1,0
130,266,Volunteer,volunteer,0,0,2,0
131,267,Volunteer,volunteer,6,6,4,0
132,268,Volunteer,volunteer,16,7,8,1
133,271,Volunteer,volunteer,5,2,1,0
134,272,Volunteer,volunteer,1,1,0,0
135,274,Volunteer,volunteer,2,1,1,0
136,275,Volunteer,volunteer,8,1,1,0
137,276,Volunteer,volunteer,4,3,0,0
138,277,Volunteer,volunteer,24,0,1,1
139,278,Volunteer,volunteer,24,13,4,2
140,282,Volunteer,volunteer,4,1,3,0
141,283,Volunteer,volunteer,21,7,1,2
142,285,Volunteer,volunteer,5,4,1,1
143,287,Volunteer,volunteer,2,1,0,0
144,289,Volunteer,volunteer,15,5,2,0
145,295,Volunteer,volunteer,3,1,1,0
146,296,Volunteer,volunteer,9,0,2,0
147,297,Volunteer,volunteer,39,10,4,0
148,298,Volunteer,volunteer,1,0,1,0
149,300,Paid developer,microsoft,1,4,2,1
150,302,Paid developer,amazon,0,1,1,0
151,304,Volunteer,volunteer,3,2,0,0
152,307,Volunteer,volunteer,3,2,0,0
153,309,Volunteer,volunteer,1,1,1,0
154,310,Volunteer,volunteer,1,0,1,0
155,313,Volunteer,volunteer,3,2,1,0
156,315,Volunteer,volunteer,2,1,0,0
157,317,Volunteer,volunteer,2,0,0,0
158,318,Volunteer,volunteer,5,5,1,0
159,319,Volunteer,volunteer,28,14,12,0
160,321,Volunteer,volunteer,1,3,0,0
161,323,Paid developer,gentoo,5,35,0,0
162,325,Volunteer,volunteer,0,3,0,0
163,326,Volunteer,volunteer,4,0,0,0
164,327,Volunteer,volunteer,3,0,0,0
165,331,Paid developer,microsoft,3,6,0,0
166,332,Volunteer,volunteer,16,3,0,0
167,334,Volunteer,volunteer,0,1,1,0
168,337,Volunteer,volunteer,0,2,0,1
169,340,Volunteer,volunteer,22,15,0,2
170,341,Volunteer,volunteer,10,1,4,0
171,347,Volunteer,volunteer,7,0,1,0
172,348,Volunteer,volunteer,1,0,1,0
173,350,Volunteer,volunteer,2,0,2,0
174,352,Volunteer,volunteer,2,0,0,0
175,353,Volunteer,volunteer,1,0,1,0
176,354,Volunteer,volunteer,21,3,3,0
177,355,Volunteer,volunteer,6,1,0,0
178,356,Volunteer,volunteer,1,1,0,0
179,362,Volunteer,volunteer,2,1,1,1
180,366,Volunteer,volunteer,2,1,0,0
181,367,Volunteer,volunteer,1,0,1,0
182,369,Volunteer,volunteer,5,1,5,0
183,371,Volunteer,volunteer,5,1,3,0
184,372,Volunteer,volunteer,0,1,1,0
185,373,Volunteer,volunteer,6,0,3,0
186,374,Volunteer,volunteer,2,0,2,0
187,375,Paid developer,GiGa infosystems GmbH,0,2,0,0
188,377,Paid developer,amazon,0,1,1,0
189,378,Volunteer,volunteer,1,0,1,0
190,379,Paid developer,google,3,0,2,3
191,380,Volunteer,volunteer,3,0,0,0
192,382,Volunteer,volunteer,3,1,0,0
193,386,Volunteer,volunteer,24,5,1,0
194,387,Paid developer,microsoft,0,1,1,0
195,388,Volunteer,volunteer,1,0,2,0
196,389,Volunteer,volunteer,0,0,3,0
197,390,Volunteer,volunteer,2,0,0,0
198,391,Volunteer,volunteer,2,1,1,0
199,393,Volunteer,volunteer,1,1,0,0
200,396,Volunteer,volunteer,2,1,3,0
201,397,Volunteer,volunteer,0,3,0,4
202,399,Volunteer,volunteer,10,0,0,0
203,401,Paid developer,bytedance,1,1,1,0
204,402,Volunteer,volunteer,1,1,0,0
205,403,Volunteer,volunteer,1,1,0,0
206,404,Volunteer,volunteer,2,2,0,0
207,406,Volunteer,volunteer,20,5,2,0
208,407,Volunteer,volunteer,8,3,0,0
209,408,Volunteer,volunteer,7,1,0,0
210,409,Volunteer,volunteer,1,1,1,0
211,412,Volunteer,volunteer,2,11,8,1
212,414,Volunteer,volunteer,3,1,5,0
213,416,Volunteer,volunteer,1,1,1,0
214,419,Volunteer,volunteer,15,10,13,0
215,422,Paid developer,amazon,13,4,0,0
216,422,Volunteer,volunteer,8,2,5,1
217,424,Volunteer,volunteer,5,1,1,0
218,425,Volunteer,volunteer,2,0,0,0
219,428,Volunteer,volunteer,6,1,1,1
220,431,Volunteer,volunteer,19,11,10,4
221,434,Volunteer,volunteer,1,0,0,1
222,435,Paid developer,red hat,0,0,3,0
223,435,Volunteer,volunteer,3,0,3,0
224,438,Volunteer,volunteer,10,2,0,4
225,440,Volunteer,volunteer,0,1,1,0
226,441,Volunteer,volunteer,2,4,9,0
227,442,Volunteer,volunteer,2,1,0,0
228,443,Volunteer,volunteer,0,1,1,0
229,445,Paid developer,amazon,0,1,2,0
230,449,Volunteer,volunteer,2,1,0,0
231,450,Volunteer,volunteer,3,2,0,1
232,455,Volunteer,volunteer,3,3,1,0
233,457,Volunteer,volunteer,6,3,2,0
234,458,Volunteer,volunteer,0,0,3,0
235,459,Paid developer,Ferrous Systems,7,4,1,1
236,462,Volunteer,volunteer,3,2,2,1
237,463,Volunteer,volunteer,0,1,0,1
238,464,Volunteer,volunteer,1,3,1,0
239,470,Volunteer,volunteer,3,0,0,0
240,471,Volunteer,volunteer,30,3,3,0
241,472,Volunteer,volunteer,12,6,4,0
242,473,Volunteer,volunteer,0,2,0,1
243,476,Volunteer,volunteer,10,0,3,0
244,478,Volunteer,volunteer,1,1,0,0
245,479,Volunteer,volunteer,2,2,0,1
246,481,Volunteer,volunteer,2,0,1,0
247,483,Volunteer,volunteer,2,4,1,0
248,486,Volunteer,volunteer,1,0,1,0
249,487,Volunteer,volunteer,25,11,10,2
250,488,Volunteer,volunteer,11,8,11,0
251,490,Paid developer,arm,1,1,1,0
252,491,Volunteer,volunteer,1,1,0,1
253,494,Volunteer,volunteer,2,0,0,0
254,495,Volunteer,volunteer,0,3,0,0
255,496,Volunteer,volunteer,3,1,5,0
256,499,Volunteer,volunteer,3,1,0,0
257,500,Volunteer,volunteer,13,7,3,0
258,501,Volunteer,volunteer,19,11,6,0
259,502,Volunteer,volunteer,2,0,0,0
260,503,Volunteer,volunteer,2,0,0,0
261,504,Volunteer,volunteer,1,0,2,0
262,505,Volunteer,volunteer,11,8,7,1
263,506,Volunteer,volunteer,3,1,0,0
264,509,Volunteer,volunteer,0,0,1,2
265,510,Volunteer,volunteer,1,2,0,0
266,512,Paid developer,Mattet Labs,24,4,6,0
267,514,Volunteer,volunteer,0,2,0,0
268,516,Paid developer,microsoft,2,1,0,0
269,517,Volunteer,volunteer,4,2,0,0
270,519,Volunteer,volunteer,0,0,7,0
271,520,Volunteer,volunteer,3,0,0,0
272,521,Volunteer,volunteer,21,7,9,1
273,523,Volunteer,volunteer,5,0,2,1
274,524,Volunteer,volunteer,2,0,0,0
275,525,Volunteer,volunteer,1,1,0,0
276,531,Volunteer,volunteer,2,0,1,0
277,539,Volunteer,volunteer,11,3,4,0
278,540,Paid developer,Ferrous Systems,1,0,1,0
279,541,Volunteer,volunteer,0,1,0,1
280,545,Volunteer,volunteer,22,21,8,2
281,546,Volunteer,volunteer,3,1,0,0
282,547,Volunteer,volunteer,0,0,2,0
283,550,Volunteer,volunteer,10,3,0,0
284,551,Volunteer,volunteer,10,3,2,0
285,552,Volunteer,volunteer,2,0,1,0
286,555,Volunteer,volunteer,4,3,2,1
287,556,Volunteer,volunteer,1,0,2,0
288,557,Volunteer,volunteer,3,2,1,0
289,560,Volunteer,volunteer,6,1,0,0
290,561,Volunteer,volunteer,9,2,4,3
291,564,Volunteer,volunteer,2,0,0,0
292,565,Volunteer,volunteer,20,13,8,4
293,566,Volunteer,volunteer,6,1,2,0
294,567,Volunteer,volunteer,13,15,6,0
295,568,Volunteer,volunteer,5,0,0,0
296,570,Volunteer,volunteer,6,1,0,0
297,571,Volunteer,volunteer,6,1,5,0
298,574,Volunteer,volunteer,1,1,0,0
299,578,Volunteer,volunteer,1,1,0,0
300,579,Volunteer,volunteer,1,1,0,0
301,580,Volunteer,volunteer,8,4,0,0
302,581,Volunteer,volunteer,3,1,0,0
303,582,Volunteer,volunteer,2,3,2,0
304,583,Paid developer,1Password,3,0,0,0
305,584,Volunteer,volunteer,2,0,1,0
306,585,Volunteer,volunteer,6,0,0,4
307,586,Volunteer,volunteer,0,2,0,0
308,588,Volunteer,volunteer,3,3,0,0
309,591,Volunteer,volunteer,2,1,2,0
310,592,Volunteer,volunteer,0,4,4,1
311,593,Paid developer,fortanix,14,1,4,0
312,594,Volunteer,volunteer,4,2,4,0
313,595,Volunteer,volunteer,6,1,2,0
314,596,Volunteer,volunteer,7,4,2,1
315,598,Volunteer,volunteer,7,4,1,0
316,599,Volunteer,volunteer,5,2,3,0
317,600,Volunteer,volunteer,8,2,1,0
318,601,Volunteer,volunteer,26,6,2,0
319,602,Volunteer,volunteer,4,0,1,0
320,604,Volunteer,volunteer,7,1,1,0
321,605,Volunteer,volunteer,0,1,1,0
322,607,Paid developer,epita,24,5,1,2
323,609,Volunteer,volunteer,4,4,3,0
324,610,Volunteer,volunteer,0,1,1,0
325,612,Volunteer,volunteer,1,0,1,0
326,614,Volunteer,volunteer,3,1,0,0
327,615,Volunteer,volunteer,1,2,0,0
328,616,Volunteer,volunteer,6,3,3,1
329,617,Volunteer,volunteer,1,0,1,0
330,621,Volunteer,volunteer,2,1,1,1
331,623,Volunteer,volunteer,4,2,6,1
332,624,Paid developer,google,3,0,5,0
333,625,Volunteer,volunteer,4,3,8,0
334,628,Volunteer,volunteer,2,1,0,0
335,631,Volunteer,volunteer,23,3,4,0
336,632,Volunteer,volunteer,0,2,2,2
337,634,Volunteer,volunteer,1,0,1,0
338,635,Volunteer,volunteer,15,2,2,1
339,636,Volunteer,volunteer,1,1,1,1
340,637,Volunteer,volunteer,3,0,0,0
341,638,Volunteer,volunteer,37,12,5,1
342,641,Volunteer,volunteer,15,4,2,2
343,644,Volunteer,volunteer,9,2,0,1
344,645,Volunteer,volunteer,2,0,0,0
345,646,Volunteer,volunteer,16,4,2,1
346,647,Volunteer,volunteer,6,0,5,0
347,648,Volunteer,volunteer,4,1,3,0
348,650,Volunteer,volunteer,5,3,3,0
349,651,Volunteer,volunteer,2,2,2,0
350,652,Volunteer,volunteer,2,3,1,0
351,653,Volunteer,volunteer,7,0,0,0
352,655,Volunteer,volunteer,34,3,4,0
353,656,Volunteer,volunteer,0,1,1,0
354,657,Volunteer,volunteer,1,0,2,0
355,658,Volunteer,volunteer,3,3,4,1
356,659,Volunteer,volunteer,0,0,2,0
357,661,Volunteer,volunteer,9,3,2,0
358,663,Volunteer,volunteer,6,4,13,2
359,664,Volunteer,volunteer,1,1,1,0
360,665,Volunteer,volunteer,34,4,18,0
361,666,Volunteer,volunteer,1,1,0,0
362,670,Volunteer,volunteer,11,5,4,4
363,671,Volunteer,volunteer,3,1,1,0
364,673,Volunteer,volunteer,3,0,0,0
365,674,Volunteer,volunteer,2,1,1,0
366,677,Volunteer,volunteer,1,0,1,0
367,679,Volunteer,volunteer,1,1,0,0
368,682,Volunteer,volunteer,3,0,0,0
369,683,Volunteer,volunteer,1,2,2,1
370,684,Volunteer,volunteer,2,0,0,0
371,685,Volunteer,volunteer,22,8,10,0
372,686,Volunteer,volunteer,4,2,0,0
373,687,Volunteer,volunteer,7,8,3,2
374,690,Volunteer,volunteer,5,5,0,0
375,692,Volunteer,volunteer,2,0,0,0
376,693,Volunteer,volunteer,4,2,7,1
377,699,Volunteer,volunteer,1,0,1,0
378,704,Volunteer,volunteer,2,3,0,2
379,705,Volunteer,volunteer,24,9,1,1
380,706,Volunteer,volunteer,0,0,2,1
381,708,Volunteer,volunteer,9,11,5,1
382,709,Volunteer,volunteer,1,0,0,1
383,710,Volunteer,volunteer,38,9,4,1
384,711,Volunteer,volunteer,0,3,0,1
385,714,Volunteer,volunteer,4,0,0,0
386,715,Volunteer,volunteer,3,0,0,0
387,716,Volunteer,volunteer,1,2,1,0
388,717,Volunteer,volunteer,0,1,1,0
389,718,Volunteer,volunteer,0,2,2,0
390,720,Volunteer,volunteer,2,0,0,0
391,721,Volunteer,volunteer,19,0,7,0
392,725,Volunteer,volunteer,7,0,0,0
393,727,Volunteer,volunteer,0,1,0,1
394,730,Volunteer,volunteer,6,3,3,0
395,731,Volunteer,volunteer,4,0,2,0
396,732,Volunteer,volunteer,4,0,1,0
397,733,Volunteer,volunteer,8,0,3,0
398,734,Volunteer,volunteer,1,2,0,0
399,735,Volunteer,volunteer,2,2,0,0
400,736,Volunteer,volunteer,8,1,6,5
401,738,Volunteer,volunteer,0,2,0,0
402,739,Volunteer,volunteer,1,0,1,0
403,740,Paid developer,google,0,0,1,2
404,741,Volunteer,volunteer,3,0,0,0
405,742,Volunteer,volunteer,2,2,1,0
406,743,Volunteer,volunteer,1,2,0,0
407,745,Volunteer,volunteer,7,1,4,0
408,746,Volunteer,volunteer,3,0,2,0
409,747,Volunteer,volunteer,8,0,0,2
410,750,Volunteer,volunteer,29,11,6,1
411,752,Volunteer,volunteer,3,1,1,0
412,753,Volunteer,volunteer,2,1,1,0
413,755,Paid developer,google,0,1,0,1
414,756,Volunteer,volunteer,3,0,0,0
415,757,Volunteer,volunteer,9,3,14,2
416,758,Volunteer,volunteer,0,0,1,1
417,759,Volunteer,volunteer,15,2,11,2
418,760,Volunteer,volunteer,0,0,1,1
419,761,Volunteer,volunteer,1,1,1,0
420,762,Volunteer,volunteer,3,2,3,0
421,763,Volunteer,volunteer,6,4,6,1
422,764,Volunteer,volunteer,9,9,6,0
423,765,Volunteer,volunteer,8,6,1,0
424,766,Volunteer,volunteer,0,0,2,0
425,769,Paid developer,arm,2,6,2,1
426,770,Volunteer,volunteer,2,0,0,0
427,771,Paid developer,microsoft,3,1,7,1
428,772,Volunteer,volunteer,19,1,1,0
429,773,Volunteer,volunteer,13,0,2,0
430,778,Volunteer,volunteer,0,0,2,0
431,783,Volunteer,volunteer,7,0,14,2
432,784,Volunteer,volunteer,1,3,0,0
433,785,Volunteer,volunteer,27,4,6,2
434,788,Volunteer,volunteer,0,0,2,0
435,789,Volunteer,volunteer,1,0,1,0
436,791,Volunteer,volunteer,1,1,0,0
437,792,Volunteer,volunteer,5,0,2,0
438,793,Paid developer,dropbox,5,3,3,0
439,793,Volunteer,volunteer,2,1,4,0
440,796,Volunteer,volunteer,5,2,1,0
441,798,Volunteer,volunteer,0,3,0,0
442,799,Volunteer,volunteer,8,2,0,0
443,800,Volunteer,volunteer,1,0,1,1
444,801,Volunteer,volunteer,7,3,0,0
445,803,Volunteer,volunteer,2,1,0,0
446,804,Volunteer,volunteer,4,2,0,0
447,807,Volunteer,volunteer,2,0,3,0
448,809,Volunteer,volunteer,3,1,4,0
449,811,Volunteer,volunteer,1,0,1,0
450,812,Volunteer,volunteer,0,3,0,0
451,813,Volunteer,volunteer,1,1,1,0
452,814,Volunteer,volunteer,2,0,0,0
453,816,Volunteer,volunteer,8,1,2,0
454,820,Volunteer,volunteer,3,2,2,0
455,821,Volunteer,volunteer,2,1,0,0
456,823,Volunteer,volunteer,7,3,4,0
457,825,Volunteer,volunteer,3,2,1,0
458,827,Volunteer,volunteer,1,0,2,0
459,828,Volunteer,volunteer,1,0,2,0
460,829,Volunteer,volunteer,11,6,2,0
461,830,Volunteer,volunteer,5,0,5,2
462,833,Volunteer,volunteer,2,0,0,0
463,835,Volunteer,volunteer,6,1,5,0
464,836,Paid developer,google,2,5,2,0
465,840,Volunteer,volunteer,17,6,6,0
466,841,Volunteer,volunteer,0,0,2,0
467,844,Volunteer,volunteer,8,5,4,2
468,845,Volunteer,volunteer,2,0,0,0
469,846,Volunteer,volunteer,2,5,4,2
470,847,Volunteer,volunteer,10,4,5,0
471,850,Volunteer,volunteer,0,1,1,0
472,854,Volunteer,volunteer,1,1,2,0
473,855,Volunteer,volunteer,1,2,0,1
474,856,Volunteer,volunteer,2,1,2,0
475,858,Volunteer,volunteer,0,1,2,0
476,861,Volunteer,volunteer,6,0,2,0
477,862,Volunteer,volunteer,13,7,13,4
478,866,Volunteer,volunteer,4,0,0,0
479,867,Volunteer,volunteer,14,9,6,0
480,869,Volunteer,volunteer,6,2,2,0
481,871,Volunteer,volunteer,9,7,4,1
482,872,Volunteer,volunteer,5,4,2,0
483,873,Volunteer,volunteer,20,7,5,0
484,874,Volunteer,volunteer,7,3,4,0
485,876,Volunteer,volunteer,1,0,2,1
486,877,Volunteer,volunteer,1,0,1,0
487,879,Volunteer,volunteer,3,1,0,0
488,883,Volunteer,volunteer,8,1,0,0
489,888,Volunteer,volunteer,5,2,0,0
490,890,Volunteer,volunteer,0,2,0,0
491,893,Volunteer,volunteer,7,6,5,0
492,894,Volunteer,volunteer,19,2,0,0
493,896,Volunteer,volunteer,9,4,3,0
494,897,Volunteer,volunteer,0,2,0,0
495,898,Volunteer,volunteer,1,0,2,0
496,899,Volunteer,volunteer,24,1,3,0
497,900,Volunteer,volunteer,10,6,1,0
498,902,Volunteer,volunteer,4,4,3,2
499,905,Volunteer,volunteer,1,2,0,0
500,906,Paid developer,fortanix,18,2,3,1
501,908,Volunteer,volunteer,3,0,1,0
502,910,Volunteer,volunteer,1,1,1,0
503,913,Volunteer,volunteer,4,4,3,0
504,915,Volunteer,volunteer,8,1,0,0
505,916,Paid developer,disroot,1,6,2,0
506,919,Volunteer,volunteer,11,8,8,2
507,920,Paid developer,google,7,3,4,2
508,922,Volunteer,volunteer,1,0,1,0
509,924,Volunteer,volunteer,1,1,0,0
510,925,Volunteer,volunteer,3,0,1,0
511,926,Volunteer,volunteer,2,1,0,0
512,927,Volunteer,volunteer,2,5,0,0
513,928,Volunteer,volunteer,1,0,0,1
514,929,Volunteer,volunteer,7,4,2,0
515,931,Volunteer,volunteer,4,3,3,1
516,932,Volunteer,volunteer,1,0,1,1
517,934,Volunteer,volunteer,0,0,0,2
518,935,Volunteer,volunteer,23,4,10,1
519,938,Volunteer,volunteer,0,1,2,0
520,939,Volunteer,volunteer,1,1,0,0
521,942,Paid developer,microsoft,3,3,2,0
522,944,Volunteer,volunteer,27,8,7,0
523,945,Volunteer,volunteer,12,7,2,0
524,947,Volunteer,volunteer,29,6,2,1
525,948,Volunteer,volunteer,6,4,2,0
526,950,Volunteer,volunteer,6,0,0,0
527,953,Volunteer,volunteer,8,2,5,1
528,954,Volunteer,volunteer,5,1,0,0
529,956,Volunteer,volunteer,3,0,2,0
530,957,Volunteer,volunteer,4,2,2,0
531,958,Volunteer,volunteer,3,1,2,0
532,959,Volunteer,volunteer,19,18,16,0
533,960,Paid developer,Knoldus,7,3,2,0
534,964,Volunteer,volunteer,6,1,1,0
535,966,Volunteer,volunteer,1,4,1,0
536,967,Volunteer,volunteer,0,1,1,0
537,968,Volunteer,volunteer,2,0,2,0
538,970,Volunteer,volunteer,7,2,1,0
539,972,Volunteer,volunteer,0,1,0,1
540,973,Volunteer,volunteer,7,1,4,0
541,974,Volunteer,volunteer,6,2,2,0
542,981,Volunteer,volunteer,3,2,16,0
543,982,Volunteer,volunteer,3,0,0,0
544,983,Volunteer,volunteer,8,3,5,1
545,984,Volunteer,volunteer,2,0,4,0
546,985,Volunteer,volunteer,0,2,0,0
547,988,Volunteer,volunteer,3,0,0,0
548,991,Volunteer,volunteer,4,0,1,0
549,993,Volunteer,volunteer,5,1,0,0
550,994,Volunteer,volunteer,2,0,0,0
551,998,Volunteer,volunteer,6,0,1,1
552,999,Volunteer,volunteer,4,2,2,1
553,1002,Paid developer,red hat,2,3,2,0
554,1003,Volunteer,volunteer,4,0,0,0
555,1005,Volunteer,volunteer,1,0,1,1
556,1006,Paid developer,huawei,0,1,1,0
557,1008,Volunteer,volunteer,6,3,1,0
558,1010,Volunteer,volunteer,2,3,0,0
559,1011,Volunteer,volunteer,4,1,0,0
560,1012,Volunteer,volunteer,7,5,7,0
561,1013,Volunteer,volunteer,15,3,1,0
562,1014,Paid developer,google,1,3,2,0
563,1015,Volunteer,volunteer,4,0,0,0
564,1016,Volunteer,volunteer,6,6,1,0
565,1018,Volunteer,volunteer,2,0,0,0
566,1020,Paid developer,mozilla,39,7,6,1
567,1021,Volunteer,volunteer,49,3,0,1
568,1024,Volunteer,volunteer,4,0,1,0
569,1025,Volunteer,volunteer,8,4,1,1
570,1026,Volunteer,volunteer,4,7,0,2
571,1027,Volunteer,volunteer,24,3,4,0
572,1029,Volunteer,volunteer,0,1,1,0
573,1030,Volunteer,volunteer,3,0,2,0
574,1031,Volunteer,volunteer,0,2,0,0
575,1032,Paid developer,arm,5,3,1,0
576,1033,Volunteer,volunteer,5,1,0,1
577,1034,Volunteer,volunteer,2,1,0,0
578,1037,Volunteer,volunteer,0,0,2,0
579,1038,Volunteer,volunteer,7,1,1,1
580,1041,Volunteer,volunteer,3,1,1,0
581,1042,Volunteer,volunteer,2,0,3,0
582,1043,Volunteer,volunteer,13,1,6,1
583,1044,Volunteer,volunteer,7,5,5,0
584,1050,Volunteer,volunteer,0,2,0,0
585,1054,Volunteer,volunteer,6,1,2,0
586,1056,Volunteer,volunteer,2,2,0,0
587,1058,Volunteer,volunteer,1,4,1,0
588,1061,Volunteer,volunteer,11,10,3,0
589,1062,Volunteer,volunteer,3,1,0,0
590,1063,Paid developer,windriver,13,5,8,0
591,1064,Volunteer,volunteer,10,5,14,1
592,1065,Volunteer,volunteer,1,0,0,1
593,1066,Volunteer,volunteer,2,1,0,0
594,1068,Volunteer,volunteer,3,0,0,0
595,1069,Volunteer,volunteer,8,0,4,0
596,1070,Volunteer,volunteer,4,0,0,0
597,1071,Paid developer,google,13,7,8,2
598,1072,Volunteer,volunteer,2,3,0,2
599,1073,Volunteer,volunteer,6,3,6,0
600,1074,Volunteer,volunteer,0,1,1,0
601,1075,Paid developer,disroot,2,0,1,0
602,1078,Volunteer,volunteer,7,4,0,0
603,1079,Volunteer,volunteer,6,4,3,0
604,1082,Volunteer,volunteer,2,4,1,0
605,1084,Volunteer,volunteer,4,4,5,0
606,1089,Volunteer,volunteer,37,7,7,0
607,1091,Volunteer,volunteer,14,3,2,0
608,1092,Volunteer,volunteer,5,5,1,0
609,1093,Volunteer,volunteer,1,2,0,0
610,1094,Volunteer,volunteer,3,0,0,1
611,1097,Volunteer,volunteer,6,3,0,0
612,1100,Volunteer,volunteer,2,1,1,1
613,1104,Volunteer,volunteer,0,2,1,0
614,1106,Volunteer,volunteer,2,0,0,0
615,1108,Volunteer,volunteer,5,0,0,0
616,1110,Volunteer,volunteer,0,2,0,0
617,1111,Volunteer,volunteer,4,1,5,2
618,1112,Volunteer,volunteer,8,1,8,1
619,1113,Volunteer,volunteer,2,6,1,0
620,1114,Volunteer,volunteer,2,0,1,0
621,1117,Volunteer,volunteer,2,0,0,0
622,1120,Volunteer,volunteer,0,1,5,0
623,1122,Volunteer,volunteer,12,1,6,0
624,1123,Volunteer,volunteer,2,0,0,0
625,1124,Volunteer,volunteer,7,6,0,0
626,1125,Volunteer,volunteer,4,0,3,0
627,1129,Volunteer,volunteer,14,6,0,1
628,1130,Volunteer,volunteer,2,1,0,2
629,1132,Volunteer,volunteer,1,0,0,1
630,1133,Paid developer,microsoft,3,4,0,0
631,1134,Volunteer,volunteer,10,1,5,0
632,1136,Volunteer,volunteer,2,1,1,0
633,1137,Volunteer,volunteer,4,1,3,0
634,1139,Volunteer,volunteer,10,1,0,0
635,1140,Volunteer,volunteer,5,0,2,0
636,1142,Volunteer,volunteer,6,0,1,0
637,1144,Volunteer,volunteer,9,2,5,1
638,1145,Volunteer,volunteer,2,0,2,0
639,1146,Volunteer,volunteer,4,3,0,0
640,1147,Volunteer,volunteer,7,0,0,0
641,1149,Volunteer,volunteer,1,1,0,0
642,1150,Volunteer,volunteer,14,5,3,1
643,1151,Volunteer,volunteer,0,2,0,0
644,1152,Paid developer,fortanix,5,4,3,0
645,1155,Volunteer,volunteer,0,0,2,0
646,1157,Volunteer,volunteer,29,14,6,2
647,1158,Volunteer,volunteer,4,2,0,1
648,1159,Volunteer,volunteer,18,6,1,0
649,1163,Volunteer,volunteer,5,4,10,1
650,1166,Volunteer,volunteer,4,1,1,0
651,1167,Volunteer,volunteer,1,1,1,0
652,1170,Volunteer,volunteer,2,0,0,0
653,1171,Volunteer,volunteer,1,0,1,0
654,1172,Volunteer,volunteer,1,0,2,0
655,1173,Volunteer,volunteer,2,0,0,0
656,1174,Volunteer,volunteer,17,7,16,2
657,1176,Volunteer,volunteer,3,0,0,0
658,1177,Volunteer,volunteer,1,1,2,0
659,1181,Volunteer,volunteer,1,1,0,0
660,1186,Volunteer,volunteer,17,3,0,0
661,1187,Volunteer,volunteer,5,0,1,0
662,1189,Volunteer,volunteer,0,1,0,1
663,1191,Volunteer,volunteer,2,2,1,0
664,1192,Volunteer,volunteer,2,1,0,0
665,1193,Volunteer,volunteer,1,0,1,0
666,1194,Volunteer,volunteer,2,2,2,0
667,1195,Volunteer,volunteer,0,0,3,0
668,1196,Volunteer,volunteer,21,5,1,2
669,1197,Paid developer,google,2,8,15,2
670,1198,Volunteer,volunteer,14,9,2,0
671,1200,Volunteer,volunteer,4,3,3,0
672,1202,Volunteer,volunteer,2,2,0,0
673,1203,Volunteer,volunteer,11,7,2,0
674,1205,Volunteer,volunteer,4,1,2,0
675,1206,Volunteer,volunteer,47,0,3,0
676,1207,Volunteer,volunteer,7,1,5,2
677,1208,Volunteer,volunteer,15,6,5,0
678,1209,Volunteer,volunteer,3,1,0,0
679,1210,Volunteer,volunteer,2,0,0,0
680,1212,Volunteer,volunteer,4,2,3,1
681,1213,Volunteer,volunteer,4,2,4,1
682,1215,Volunteer,volunteer,5,3,1,0
683,1217,Volunteer,volunteer,2,4,4,0
684,1219,Volunteer,volunteer,29,10,5,1
685,1220,Volunteer,volunteer,5,1,1,0
686,1221,Volunteer,volunteer,2,0,0,0
687,1227,Volunteer,volunteer,1,3,7,0
688,1228,Volunteer,volunteer,8,0,2,0
689,1229,Volunteer,volunteer,1,0,2,0
690,1233,Volunteer,volunteer,1,2,0,0
691,1235,Volunteer,volunteer,3,0,0,0
692,1236,Volunteer,volunteer,2,0,0,0
693,1238,Volunteer,volunteer,0,2,1,0
694,1239,Volunteer,volunteer,4,0,0,0
695,1240,Volunteer,volunteer,7,0,1,0
696,1241,Volunteer,volunteer,8,2,2,0
697,1242,Paid developer,google,0,1,2,0
698,1243,Volunteer,volunteer,1,0,1,0
699,1245,Volunteer,volunteer,0,1,1,0
700,1246,Volunteer,volunteer,0,2,0,0
701,1247,Volunteer,volunteer,5,0,0,0
702,1250,Volunteer,volunteer,4,1,1,0
703,1251,Volunteer,volunteer,1,2,2,2
704,1252,Volunteer,volunteer,3,3,30,2
705,1254,Volunteer,volunteer,1,2,1,0
706,1260,Volunteer,volunteer,22,5,0,1
707,1262,Volunteer,volunteer,9,0,0,0
708,1264,Volunteer,volunteer,7,0,2,0
709,1265,Volunteer,volunteer,1,2,0,0
710,1266,Volunteer,volunteer,1,1,0,0
711,1268,Volunteer,volunteer,11,6,1,0
712,1269,Volunteer,volunteer,2,1,0,0
713,1270,Volunteer,volunteer,1,0,1,0
714,1273,Paid developer,google,0,1,2,1
715,1274,Volunteer,volunteer,6,2,3,1
716,1275,Volunteer,volunteer,14,16,9,0
717,1278,Volunteer,volunteer,2,3,3,0
718,1282,Volunteer,volunteer,0,0,4,0
719,1283,Volunteer,volunteer,1,0,1,0
720,1284,Volunteer,volunteer,1,3,1,0
721,1285,Volunteer,volunteer,2,0,0,0
722,1287,Volunteer,volunteer,4,0,0,0
723,1289,Volunteer,volunteer,1,0,1,0
724,1291,Volunteer,volunteer,1,1,0,0
725,1292,Volunteer,volunteer,3,1,0,0
726,1294,Volunteer,volunteer,2,0,0,0
727,1295,Volunteer,volunteer,8,0,2,0
728,1296,Volunteer,volunteer,0,0,2,0
729,1297,Volunteer,volunteer,2,1,1,1
730,1298,Volunteer,volunteer,14,16,24,0
731,1301,Volunteer,volunteer,4,0,0,0
732,1302,Volunteer,volunteer,0,1,1,0
733,1303,Volunteer,volunteer,1,1,0,0
734,1304,Volunteer,volunteer,5,2,0,0
735,1305,Volunteer,volunteer,1,1,1,0
736,1306,Volunteer,volunteer,2,0,0,0
737,1308,Volunteer,volunteer,2,0,0,0
738,1310,Volunteer,volunteer,2,0,2,0
739,1311,Volunteer,volunteer,2,1,0,1
740,1312,Volunteer,volunteer,2,0,0,0
741,1314,Volunteer,volunteer,1,2,0,0
742,1315,Volunteer,volunteer,4,0,0,0
743,1316,Volunteer,volunteer,0,2,0,0
744,1317,Volunteer,volunteer,3,2,8,1
745,1318,Volunteer,volunteer,0,1,1,0
746,1319,Volunteer,volunteer,1,3,2,0
747,1320,Volunteer,volunteer,0,0,2,0
748,1321,Volunteer,volunteer,1,0,1,0
749,1322,Volunteer,volunteer,2,0,0,0
750,1323,Volunteer,volunteer,4,3,0,0
751,1324,Volunteer,volunteer,4,1,4,0
752,1326,Volunteer,volunteer,16,6,9,2
753,1327,Volunteer,volunteer,1,0,1,1
754,1329,Volunteer,volunteer,0,1,3,1
755,1330,Volunteer,volunteer,2,4,4,0
756,1331,Volunteer,volunteer,8,3,2,0
757,1337,Volunteer,volunteer,4,0,1,0
758,1338,Volunteer,volunteer,1,1,0,0
759,1340,Volunteer,volunteer,5,5,3,1
760,1346,Paid developer,commure,2,1,0,0
761,1350,Volunteer,volunteer,1,0,1,0
762,1351,Volunteer,volunteer,2,0,7,3
763,1352,Paid developer,google,8,2,1,0
764,1353,Volunteer,volunteer,0,1,5,0
765,1354,Volunteer,volunteer,7,9,5,3
766,1358,Volunteer,volunteer,0,3,1,0
767,1359,Volunteer,volunteer,15,9,6,1
768,1361,Volunteer,volunteer,7,9,17,1
769,1362,Volunteer,volunteer,3,0,2,0
770,1364,Volunteer,volunteer,1,5,1,0
771,1366,Volunteer,volunteer,0,1,1,0
772,1367,Volunteer,volunteer,30,10,11,4
773,1371,Volunteer,volunteer,16,3,0,0
774,1374,Volunteer,volunteer,3,4,1,0
775,1375,Paid developer,windriver,2,3,1,0
776,1380,Volunteer,volunteer,1,2,5,3
777,1382,Volunteer,volunteer,0,0,4,0
778,1385,Volunteer,volunteer,0,4,1,0
779,1387,Volunteer,volunteer,1,1,5,0
780,1390,Volunteer,volunteer,1,0,1,0
781,1391,Volunteer,volunteer,23,5,17,3
782,1393,Volunteer,volunteer,4,1,2,0
783,1395,Paid developer,embark-studios,3,1,0,0
784,1396,Volunteer,volunteer,28,0,2,1
785,1399,Volunteer,volunteer,2,1,2,1
786,1403,Volunteer,volunteer,25,13,4,1
787,1404,Volunteer,volunteer,24,15,10,0
788,1405,Volunteer,volunteer,8,2,4,0
789,1408,Volunteer,volunteer,6,2,2,0
790,1409,Volunteer,volunteer,1,1,0,0
791,1412,Volunteer,volunteer,2,0,0,0
792,1415,Volunteer,volunteer,1,0,2,0
793,1418,Volunteer,volunteer,7,2,2,0
794,1422,Volunteer,volunteer,0,0,2,0
795,1423,Volunteer,volunteer,3,2,2,0
796,1424,Volunteer,volunteer,2,0,0,0
797,1426,Volunteer,volunteer,4,1,1,0
798,1427,Paid developer,fortanix,1,1,1,0
799,1431,Volunteer,volunteer,3,0,0,1
800,1435,Volunteer,volunteer,25,12,3,0
801,1436,Volunteer,volunteer,0,3,0,0
802,1438,Volunteer,volunteer,8,1,3,0
803,1439,Volunteer,volunteer,2,1,0,0
804,1442,Volunteer,volunteer,21,7,8,1
805,1444,Volunteer,volunteer,3,0,0,0
806,1446,Volunteer,volunteer,3,1,1,0
807,1447,Volunteer,volunteer,0,2,1,0
808,1449,Volunteer,volunteer,4,0,1,0
809,1450,Volunteer,volunteer,2,3,1,0
810,1452,Paid developer,amazon,0,0,2,0
811,1454,Volunteer,volunteer,17,4,12,2
812,1456,Volunteer,volunteer,1,0,1,1
813,1458,Volunteer,volunteer,2,1,0,0
814,1459,Volunteer,volunteer,0,0,2,0
815,1460,Volunteer,volunteer,1,0,1,0
816,1462,Volunteer,volunteer,0,0,2,0
817,1463,Volunteer,volunteer,1,0,1,0
818,1465,Volunteer,volunteer,1,1,0,0
819,1466,Volunteer,volunteer,0,1,0,1
820,1468,Volunteer,volunteer,4,1,2,3
821,1469,Volunteer,volunteer,6,2,14,3
822,1470,Volunteer,volunteer,2,2,0,0
823,1471,Volunteer,volunteer,15,6,24,1
824,1473,Volunteer,volunteer,4,4,4,0
825,1476,Volunteer,volunteer,11,1,0,0
826,1480,Volunteer,volunteer,7,6,18,0
827,1481,Volunteer,volunteer,2,1,2,0
828,1482,Volunteer,volunteer,2,1,0,0
829,1483,Volunteer,volunteer,3,0,0,0
830,1484,Paid developer,NetBSD,0,2,0,0
831,1485,Volunteer,volunteer,4,0,0,0
832,1486,Volunteer,volunteer,4,2,2,1
833,1487,Paid developer,google,1,0,1,0
834,1488,Volunteer,volunteer,0,0,4,0
835,1490,Volunteer,volunteer,0,0,2,0
836,1494,Volunteer,volunteer,1,1,0,0
837,1495,Volunteer,volunteer,4,0,3,2
838,1497,Volunteer,volunteer,11,9,13,0
839,1498,Volunteer,volunteer,2,0,1,0
840,1499,Volunteer,volunteer,25,14,4,0
841,1500,Volunteer,volunteer,7,3,6,1
842,1501,Volunteer,volunteer,0,2,1,0
843,1503,Paid developer,bytedance,3,3,3,0
844,1504,Volunteer,volunteer,20,4,0,0
845,1505,Volunteer,volunteer,3,1,0,0
846,1509,Volunteer,volunteer,4,0,0,0
847,1512,Paid developer,disroot,12,9,1,0
848,1513,Volunteer,volunteer,2,2,1,0
849,1515,Paid developer,mozilla,0,1,1,0
850,1516,Volunteer,volunteer,1,1,0,0
851,1517,Volunteer,volunteer,7,1,4,0
852,1518,Volunteer,volunteer,4,0,1,0
853,1519,Volunteer,volunteer,4,5,0,0
854,1521,Volunteer,volunteer,1,0,0,1
855,1522,Volunteer,volunteer,11,2,0,0
856,1525,Volunteer,volunteer,2,0,0,0
857,1531,Volunteer,volunteer,1,1,4,0
858,1532,Volunteer,volunteer,2,0,3,0
859,1533,Volunteer,volunteer,3,0,0,0
860,1534,Volunteer,volunteer,2,1,0,0
861,1536,Volunteer,volunteer,2,0,2,0
862,1539,Volunteer,volunteer,1,0,1,0
863,1541,Volunteer,volunteer,1,0,1,0
864,1542,Volunteer,volunteer,4,0,8,0
865,1545,Volunteer,volunteer,2,0,2,0
866,1550,Volunteer,volunteer,3,3,1,1
867,1551,Volunteer,volunteer,4,0,2,0
868,1552,Volunteer,volunteer,23,4,8,1
869,1553,Volunteer,volunteer,0,3,0,0
870,1555,Volunteer,volunteer,2,0,1,0
871,1557,Volunteer,volunteer,4,1,1,0
872,1558,Volunteer,volunteer,9,1,1,2
873,1560,Volunteer,volunteer,8,8,10,0
874,1561,Volunteer,volunteer,3,1,1,0
875,1564,Volunteer,volunteer,2,0,0,0
876,1565,Volunteer,volunteer,1,0,0,1
877,1567,Volunteer,volunteer,1,0,1,0
878,1569,Volunteer,volunteer,2,1,1,3
879,1573,Paid developer,microsoft,4,0,1,0
880,1574,Volunteer,volunteer,8,1,2,0
881,1577,Volunteer,volunteer,7,3,2,0
882,1578,Volunteer,volunteer,3,0,0,0
883,1580,Volunteer,volunteer,0,3,0,0
884,1583,Paid developer,windriver,0,0,2,0
885,1586,Volunteer,volunteer,3,0,1,1
886,1587,Volunteer,volunteer,3,0,2,0
887,1588,Volunteer,volunteer,5,2,0,0
888,1589,Volunteer,volunteer,3,1,0,0
889,1591,Paid developer,google,3,2,6,0
890,1592,Volunteer,volunteer,3,1,0,0
891,1594,Volunteer,volunteer,2,0,0,0
892,1595,Volunteer,volunteer,5,2,0,1
893,1596,Volunteer,volunteer,0,0,0,2
894,1597,Volunteer,volunteer,1,1,0,0
895,1598,Volunteer,volunteer,2,0,0,0
896,1599,Volunteer,volunteer,3,2,1,0
897,1600,Volunteer,volunteer,2,0,0,0
898,1602,Volunteer,volunteer,2,0,0,1
899,1605,Volunteer,volunteer,1,0,0,1
900,1606,Volunteer,volunteer,4,0,0,0
901,1607,Volunteer,volunteer,1,1,2,0
902,1608,Volunteer,volunteer,1,4,0,0
903,1609,Volunteer,volunteer,3,1,2,0
904,1612,Volunteer,volunteer,6,0,0,0
905,1613,Volunteer,volunteer,3,0,0,0
906,1617,Volunteer,volunteer,1,1,0,0
907,1619,Volunteer,volunteer,1,1,2,0
908,1620,Paid developer,google,10,1,2,1
909,1621,Volunteer,volunteer,1,0,1,0
910,1623,Volunteer,volunteer,6,2,5,0
911,1624,Volunteer,volunteer,1,0,2,0
912,1626,Volunteer,volunteer,1,0,1,0
913,1627,Volunteer,volunteer,16,0,0,0
914,1629,Volunteer,volunteer,10,0,0,0
915,1631,Volunteer,volunteer,2,0,0,0
916,1632,Volunteer,volunteer,1,0,0,5
917,1634,Volunteer,volunteer,3,3,0,0
918,1635,Volunteer,volunteer,9,1,3,0
919,1636,Volunteer,volunteer,2,0,1,0
920,1640,Volunteer,volunteer,10,1,2,0
921,1641,Volunteer,volunteer,1,1,0,0
922,1642,Volunteer,volunteer,2,0,1,0
923,1643,Volunteer,volunteer,0,1,1,0
924,1644,Volunteer,volunteer,28,3,2,0
925,1645,Volunteer,volunteer,3,2,1,0
926,1647,Volunteer,volunteer,7,0,0,0
927,1648,Volunteer,volunteer,1,1,0,0
928,1651,Volunteer,volunteer,8,2,3,0
929,1653,Volunteer,volunteer,1,1,1,0
930,1654,Volunteer,volunteer,2,1,3,0
931,1657,Volunteer,volunteer,1,0,1,0
932,1658,Volunteer,volunteer,6,4,2,0
933,1659,Volunteer,volunteer,2,0,0,0
934,1661,Volunteer,volunteer,8,2,2,0
935,1663,Volunteer,volunteer,3,1,0,0
936,1664,Volunteer,volunteer,1,0,1,0
937,1665,Volunteer,volunteer,2,0,1,0
938,1668,Volunteer,volunteer,0,2,0,0
939,1669,Volunteer,volunteer,0,8,1,0
940,1670,Volunteer,volunteer,10,1,2,1
941,1671,Volunteer,volunteer,4,0,3,0
942,1673,Volunteer,volunteer,5,2,4,0
943,1675,Paid developer,brainiumstudios,5,4,7,0
944,1676,Volunteer,volunteer,4,2,3,2
945,1679,Volunteer,volunteer,3,1,0,0
946,1681,Volunteer,volunteer,9,1,0,0
947,1682,Volunteer,volunteer,4,3,6,0
948,1683,Volunteer,volunteer,1,0,1,0
949,1684,Volunteer,volunteer,2,0,1,0
950,1685,Volunteer,volunteer,0,7,0,0
951,1686,Volunteer,volunteer,1,4,0,0
952,1688,Volunteer,volunteer,2,1,0,0
953,1689,Volunteer,volunteer,8,3,1,1
954,1692,Volunteer,volunteer,3,1,2,0
955,1693,Volunteer,volunteer,24,4,4,2
956,1695,Volunteer,volunteer,1,4,0,0
957,1697,Volunteer,volunteer,0,1,1,0
958,1700,Volunteer,volunteer,3,1,0,0
959,1702,Volunteer,volunteer,1,3,2,0
960,1703,Volunteer,volunteer,1,0,17,0
961,1704,Volunteer,volunteer,3,0,3,0
962,1706,Volunteer,volunteer,15,2,5,1
963,1707,Volunteer,volunteer,1,2,1,0
964,1712,Paid developer,microsoft,2,1,1,0
965,1714,Volunteer,volunteer,2,0,1,0
966,1716,Volunteer,volunteer,3,8,6,1
967,1717,Volunteer,volunteer,2,0,0,0
968,1718,Volunteer,volunteer,2,0,7,3
969,1721,Volunteer,volunteer,8,0,0,0
970,1722,Volunteer,volunteer,5,2,0,0
971,1724,Volunteer,volunteer,16,6,9,1
972,1725,Volunteer,volunteer,9,7,2,0
973,1727,Volunteer,volunteer,2,0,0,0
974,1728,Volunteer,volunteer,1,0,1,0
975,1731,Volunteer,volunteer,5,0,1,0
976,1732,Volunteer,volunteer,8,7,9,0
977,1733,Volunteer,volunteer,4,0,0,0
978,1735,Volunteer,volunteer,2,0,0,0
979,1736,Volunteer,volunteer,2,5,4,3
980,1738,Volunteer,volunteer,1,2,6,1
981,1739,Volunteer,volunteer,1,0,1,0
982,1741,Volunteer,volunteer,2,0,1,0
983,1743,Volunteer,volunteer,11,3,2,0
984,1744,Volunteer,volunteer,21,9,9,1
985,1746,Volunteer,volunteer,4,8,0,0
986,1749,Volunteer,volunteer,1,0,0,1
987,1750,Volunteer,volunteer,2,1,0,0
988,1751,Volunteer,volunteer,18,3,1,0
989,1752,Volunteer,volunteer,1,1,0,0
990,1756,Volunteer,volunteer,2,1,0,0
991,1758,Volunteer,volunteer,1,1,0,1
992,1760,Volunteer,volunteer,6,0,1,0
993,1761,Volunteer,volunteer,6,2,4,0
994,1763,Volunteer,volunteer,3,3,1,0
995,1764,Volunteer,volunteer,1,0,1,0
996,1765,Volunteer,volunteer,3,0,5,0
997,1766,Volunteer,volunteer,5,0,0,0
998,1769,Volunteer,volunteer,0,2,3,0
999,1770,Volunteer,volunteer,0,1,1,0
1000,1771,Volunteer,volunteer,1,0,1,0
1001,1773,Volunteer,volunteer,3,3,4,0
1002,1774,Volunteer,volunteer,2,2,0,0
1003,1776,Volunteer,volunteer,1,0,1,0
1004,1779,Volunteer,volunteer,1,0,1,0
1005,1780,Volunteer,volunteer,0,3,0,0
1006,1781,Volunteer,volunteer,0,1,4,0
1007,1784,Volunteer,volunteer,9,0,0,0
1008,1786,Volunteer,volunteer,5,3,8,0
1009,1789,Volunteer,volunteer,20,6,4,0
1010,1790,Volunteer,volunteer,13,1,1,0
1011,1792,Volunteer,volunteer,13,8,0,0
1012,1793,Volunteer,volunteer,2,0,0,0
1013,1794,Volunteer,volunteer,2,0,0,0
1014,1795,Volunteer,volunteer,1,3,3,0
1015,1796,Volunteer,volunteer,16,9,5,0
1016,1797,Volunteer,volunteer,0,1,3,0
1017,1798,Volunteer,volunteer,0,3,1,0
1018,1799,Volunteer,volunteer,1,2,0,0
1019,1801,Volunteer,volunteer,0,2,0,0
1020,1803,Volunteer,volunteer,4,0,0,0
1021,1804,Volunteer,volunteer,8,3,1,0
1022,1805,Volunteer,volunteer,1,0,0,1
1023,1808,Volunteer,volunteer,9,2,3,1
1024,1810,Volunteer,volunteer,2,0,2,0
1025,1813,Volunteer,volunteer,7,2,1,1
1026,1816,Paid developer,fortanix,3,3,0,0
1027,1820,Volunteer,volunteer,5,4,3,0
1028,1821,Volunteer,volunteer,2,1,1,0
1029,1822,Volunteer,volunteer,3,0,0,0
1030,1824,Volunteer,volunteer,1,0,1,0
1031,1825,Volunteer,volunteer,0,1,3,0
1032,1826,Volunteer,volunteer,5,2,0,0
1033,1827,Volunteer,volunteer,2,2,1,0
1034,1829,Volunteer,volunteer,12,14,16,2
1035,1831,Paid developer,google,2,1,2,0
1036,1833,Volunteer,volunteer,6,1,2,1
1037,1834,Volunteer,volunteer,3,1,0,0
1038,1836,Volunteer,volunteer,3,0,2,0
1039,1837,Volunteer,volunteer,2,1,0,0
1040,1838,Volunteer,volunteer,3,1,0,0
1041,1839,Volunteer,volunteer,6,1,2,0
1042,1842,Volunteer,volunteer,2,0,0,0
1043,1852,Volunteer,volunteer,1,1,0,0
1044,1855,Volunteer,volunteer,2,0,0,2
1045,1856,Volunteer,volunteer,4,0,0,0
1046,1861,Volunteer,volunteer,6,0,0,0
1047,1862,Paid developer,mozilla,0,1,2,0
1048,1864,Volunteer,volunteer,3,2,1,0
1049,1865,Volunteer,volunteer,10,12,6,0
1050,1866,Volunteer,volunteer,17,9,5,0
1051,1868,Volunteer,volunteer,0,0,2,0
1052,1869,Volunteer,volunteer,2,0,1,0
1053,1871,Paid developer,ossystems,15,6,4,2
1054,1872,Volunteer,volunteer,21,7,9,2
1055,1873,Paid developer,red hat,1,2,1,0
1056,1874,Volunteer,volunteer,5,0,0,0
1057,1876,Volunteer,volunteer,2,0,0,0
1058,1877,Volunteer,volunteer,3,1,1,0
1059,1881,Volunteer,volunteer,11,7,4,1
1060,1886,Volunteer,volunteer,3,1,0,0
1061,1890,Volunteer,volunteer,1,4,0,0
1062,1898,Volunteer,volunteer,8,2,2,0
1063,1899,Volunteer,volunteer,1,1,2,0
1064,1900,Volunteer,volunteer,5,1,0,0
1065,1901,Volunteer,volunteer,4,0,1,0
1066,1902,Volunteer,volunteer,13,3,3,0
1067,1906,Volunteer,volunteer,7,0,6,0
1068,1908,Volunteer,volunteer,6,0,1,0
1069,1911,Volunteer,volunteer,4,3,0,0
1070,1912,Volunteer,volunteer,0,1,2,0
1071,1913,Volunteer,volunteer,8,5,0,0
1072,1914,Volunteer,volunteer,2,1,0,0
1073,1915,Volunteer,volunteer,0,2,0,0
1074,1916,Volunteer,volunteer,0,1,1,0
1075,1918,Volunteer,volunteer,1,0,1,0
1076,1919,Paid developer,red hat,0,1,0,1
1077,1920,Volunteer,volunteer,15,6,2,1
1078,1922,Volunteer,volunteer,4,0,0,0
1079,1923,Volunteer,volunteer,15,8,2,0
1080,1926,Volunteer,volunteer,2,3,3,0
1081,1928,Volunteer,volunteer,13,7,6,0
1082,1930,Volunteer,volunteer,5,0,4,0
1083,1931,Volunteer,volunteer,9,7,3,0
1084,1932,Volunteer,volunteer,0,4,0,0
1085,1934,Volunteer,volunteer,1,1,0,0
1086,1938,Volunteer,volunteer,14,2,2,0
1087,1939,Paid developer,google,3,11,7,0
1088,1941,Volunteer,volunteer,3,1,1,0
1089,1942,Volunteer,volunteer,1,1,0,0
1090,1943,Volunteer,volunteer,8,6,4,1
1091,1947,Volunteer,volunteer,30,13,11,1
1092,1948,Volunteer,volunteer,29,15,4,1
1093,1949,Volunteer,volunteer,11,3,2,0
1094,1950,Volunteer,volunteer,1,0,2,0
1095,1951,Volunteer,volunteer,3,2,3,0
1096,1952,Volunteer,volunteer,9,5,2,0
1097,1954,Volunteer,volunteer,5,3,2,2
1098,1955,Volunteer,volunteer,2,0,1,0
1099,1956,Volunteer,volunteer,2,1,0,0
1100,1957,Volunteer,volunteer,4,1,2,0
1101,1960,Volunteer,volunteer,1,0,1,1
1102,1961,Volunteer,volunteer,1,1,3,0
1103,1963,Volunteer,volunteer,10,0,2,0
1104,1964,Volunteer,volunteer,0,1,0,1
1105,1965,Volunteer,volunteer,0,1,1,0
1106,1966,Volunteer,volunteer,0,2,1,1
1107,1967,Volunteer,volunteer,5,4,2,1
1108,1968,Volunteer,volunteer,5,4,4,1
1109,1973,Volunteer,volunteer,6,5,12,1
1110,1974,Volunteer,volunteer,6,3,0,0
1111,1975,Volunteer,volunteer,16,2,0,0
1112,1976,Volunteer,volunteer,3,0,0,0
1113,1977,Volunteer,volunteer,0,1,0,1
1114,1978,Volunteer,volunteer,2,0,0,0
1115,1980,Volunteer,volunteer,11,1,2,0
1116,1981,Volunteer,volunteer,16,8,6,0
1117,1985,Volunteer,volunteer,1,0,2,0
1118,1987,Volunteer,volunteer,3,0,1,0
1119,1988,Volunteer,volunteer,3,0,1,0
1120,1989,Volunteer,volunteer,1,1,1,0
1121,1990,Volunteer,volunteer,1,1,0,0
1122,1991,Volunteer,volunteer,2,2,1,0
1123,1994,Volunteer,volunteer,0,0,2,0
1124,1995,Volunteer,volunteer,0,1,1,1
1125,1997,Volunteer,volunteer,2,0,0,0
1126,1998,Paid developer,Cryptape,2,0,0,1
1127,1999,Paid developer,microsoft,3,1,0,0
1128,2001,Volunteer,volunteer,11,11,5,0
1129,2002,Volunteer,volunteer,1,2,2,0
1130,2004,Volunteer,volunteer,6,0,3,0
1131,2005,Volunteer,volunteer,3,3,1,0
1132,2007,Volunteer,volunteer,3,1,0,0
1133,2008,Volunteer,volunteer,5,1,1,0
1134,2010,Volunteer,volunteer,2,4,1,0
1135,2011,Volunteer,volunteer,7,2,0,0
1136,2012,Volunteer,volunteer,3,0,1,0
1137,2013,Volunteer,volunteer,5,2,4,0
1138,2014,Volunteer,volunteer,12,2,1,0
1139,2015,Volunteer,volunteer,24,9,6,0
1140,2016,Paid developer,cloudflare,3,0,0,0
1141,2017,Volunteer,volunteer,5,0,1,0
1142,2018,Volunteer,volunteer,0,2,0,1
1143,2019,Volunteer,volunteer,0,1,1,0
1144,2020,Volunteer,volunteer,8,1,0,0
1145,2021,Volunteer,volunteer,9,6,10,0
1146,2022,Volunteer,volunteer,19,2,5,2
1147,2024,Volunteer,volunteer,1,0,2,0
1148,2026,Volunteer,volunteer,8,0,2,0
1149,2027,Volunteer,volunteer,8,0,0,0
1150,2029,Volunteer,volunteer,1,0,2,0
1151,2031,Volunteer,volunteer,4,2,0,0
1152,2032,Volunteer,volunteer,5,0,0,0
1153,2033,Volunteer,volunteer,2,2,0,0
1154,2034,Volunteer,volunteer,2,0,0,0
1155,2035,Paid developer,red hat,0,2,1,0
1156,2036,Volunteer,volunteer,0,0,2,0
1157,2037,Volunteer,volunteer,2,1,1,0
1158,2039,Volunteer,volunteer,30,2,6,0
1159,2040,Volunteer,volunteer,11,2,0,1
1160,2041,Volunteer,volunteer,19,1,1,0
1161,2042,Volunteer,volunteer,1,3,0,0
1162,2043,Volunteer,volunteer,5,1,2,1
1163,2046,Volunteer,volunteer,5,3,0,0
1164,2048,Volunteer,volunteer,17,7,3,0
1165,2050,Volunteer,volunteer,0,1,1,0
1166,2053,Volunteer,volunteer,2,1,0,0
1167,2054,Volunteer,volunteer,2,2,1,0
1168,2055,Volunteer,volunteer,3,1,2,0
1169,2056,Volunteer,volunteer,1,0,0,1
1170,2057,Paid developer,mozilla,1,0,1,0
1171,2059,Volunteer,volunteer,2,0,0,0
1172,2062,Volunteer,volunteer,2,1,2,0
1173,2063,Volunteer,volunteer,3,1,5,2
1174,2064,Volunteer,volunteer,1,0,1,0
1175,2065,Volunteer,volunteer,2,1,0,0
1176,2075,Volunteer,volunteer,2,0,0,0
1177,2076,Volunteer,volunteer,1,1,0,0
1178,2080,Volunteer,volunteer,1,0,2,3
1179,2084,Volunteer,volunteer,1,0,1,0
1180,2086,Volunteer,volunteer,1,1,1,0
1181,2087,Volunteer,volunteer,13,4,2,0
1182,2090,Paid developer,google,0,2,1,0
1183,2097,Volunteer,volunteer,2,1,0,0
1184,2098,Volunteer,volunteer,3,1,1,0
1185,2099,Volunteer,volunteer,1,0,1,0
1186,2101,Paid developer,MaidSafe,2,0,1,0
1187,2102,Paid developer,mozilla,5,8,4,0
1188,2103,Volunteer,volunteer,3,0,0,0
1189,2105,Volunteer,volunteer,2,0,4,1
1190,2107,Volunteer,volunteer,2,2,1,0
1191,2108,Volunteer,volunteer,13,0,0,1
1192,2110,Volunteer,volunteer,3,0,1,1
1193,2112,Volunteer,volunteer,3,3,1,0
1194,2114,Volunteer,volunteer,2,0,0,0
1195,2116,Volunteer,volunteer,0,0,0,2
1196,2118,Volunteer,volunteer,7,2,0,1
1197,2119,Volunteer,volunteer,2,1,6,0
1198,2121,Volunteer,volunteer,10,0,1,0
1199,2123,Volunteer,volunteer,1,1,0,0
1200,2127,Volunteer,volunteer,0,0,2,0
1201,2128,Volunteer,volunteer,2,1,1,0
1202,2129,Volunteer,volunteer,2,0,1,0
1203,2132,Volunteer,volunteer,4,2,2,0
1204,2135,Volunteer,volunteer,1,0,1,0
1205,2136,Volunteer,volunteer,3,3,8,0
1206,2137,Volunteer,volunteer,2,0,0,0
1207,2138,Volunteer,volunteer,5,4,1,0
1208,2141,Volunteer,volunteer,1,2,0,0
1209,2142,Volunteer,volunteer,2,0,1,1
1210,2144,Volunteer,volunteer,2,0,0,0
1211,2145,Volunteer,volunteer,18,9,13,0
1212,2149,Volunteer,volunteer,9,1,2,0
1213,2152,Volunteer,volunteer,9,1,1,0
1214,2153,Volunteer,volunteer,0,0,1,1
1215,2156,Volunteer,volunteer,0,2,0,0
1216,2157,Volunteer,volunteer,4,1,2,0
1217,2158,Volunteer,volunteer,2,0,0,0
1218,2159,Volunteer,volunteer,5,1,0,0
1219,2160,Volunteer,volunteer,7,2,2,0
1220,2162,Volunteer,volunteer,3,0,1,1
1221,2163,Volunteer,volunteer,17,3,19,0
1222,2166,Volunteer,volunteer,1,1,0,0
1223,2167,Volunteer,volunteer,0,3,1,0
1224,2168,Volunteer,volunteer,6,0,1,0
1225,2169,Volunteer,volunteer,1,0,1,0
1226,2170,Volunteer,volunteer,4,4,6,1
1227,2171,Volunteer,volunteer,5,3,3,0
1228,2172,Volunteer,volunteer,12,5,8,1
1229,2175,Volunteer,volunteer,7,3,0,0
1230,2178,Volunteer,volunteer,12,0,2,0
1231,2179,Volunteer,volunteer,3,2,2,0
1232,2181,Volunteer,volunteer,1,0,1,0
1233,2182,Paid developer,mozilla,2,0,1,2
1234,2182,Volunteer,volunteer,0,0,4,1
1235,2184,Volunteer,volunteer,6,1,6,0
1236,2188,Volunteer,volunteer,3,0,0,0
1237,2189,Volunteer,volunteer,6,2,3,0
1238,2194,Volunteer,volunteer,1,0,1,0
1239,2195,Volunteer,volunteer,1,0,1,0
1240,2196,Volunteer,volunteer,1,0,1,0
1241,2197,Volunteer,volunteer,1,1,3,0
1242,2200,Volunteer,volunteer,6,0,2,0
1243,2201,Volunteer,volunteer,0,1,2,0
1244,2202,Paid developer,mozilla,1,0,1,0
1245,2203,Paid developer,metaswitch,4,2,1,1
1246,2204,Volunteer,volunteer,3,0,0,0
1247,2205,Volunteer,volunteer,0,2,1,2
1248,2207,Volunteer,volunteer,7,1,3,0
1249,2209,Volunteer,volunteer,7,3,2,0
1250,2210,Volunteer,volunteer,1,1,4,0
1251,2212,Volunteer,volunteer,7,7,7,0
1252,2213,Volunteer,volunteer,2,4,1,0
1253,2215,Volunteer,volunteer,1,1,0,0
1254,2217,Volunteer,volunteer,3,0,0,0
1255,2218,Volunteer,volunteer,7,3,2,0
1256,2219,Volunteer,volunteer,8,1,1,0
1257,2220,Volunteer,volunteer,4,3,3,0
1258,2224,Volunteer,volunteer,4,1,2,1
1259,2225,Volunteer,volunteer,0,4,1,1
1260,2226,Volunteer,volunteer,2,2,0,0
1261,2227,Volunteer,volunteer,2,1,1,2
1262,2228,Volunteer,volunteer,9,2,4,0
1263,2229,Paid developer,google,1,1,1,0
1264,2230,Volunteer,volunteer,7,5,5,2
1265,2232,Volunteer,volunteer,1,0,1,0
1266,2233,Volunteer,volunteer,2,2,3,0
1267,2234,Volunteer,volunteer,2,3,5,1
1268,2235,Volunteer,volunteer,2,0,0,0
1269,2238,Volunteer,volunteer,0,0,2,0
1270,2239,Paid developer,google,4,1,2,2
1271,2240,Volunteer,volunteer,1,0,0,1
1272,2243,Volunteer,volunteer,1,1,0,0
1273,2244,Volunteer,volunteer,4,1,1,1
1274,2249,Volunteer,volunteer,0,9,3,0
1275,2250,Volunteer,volunteer,1,0,1,0
1276,2251,Volunteer,volunteer,5,1,2,0
1277,2252,Volunteer,volunteer,0,3,0,0
1278,2253,Volunteer,volunteer,0,1,1,0
1279,2254,Volunteer,volunteer,2,0,0,0
1280,2255,Volunteer,volunteer,21,6,19,0
1281,2259,Volunteer,volunteer,7,3,0,0
1282,2261,Volunteer,volunteer,6,1,4,0
1283,2263,Volunteer,volunteer,2,0,5,0
1284,2265,Volunteer,volunteer,2,2,1,0
1285,2266,Volunteer,volunteer,10,2,3,1
1286,2267,Volunteer,volunteer,17,3,2,1
1287,2268,Volunteer,volunteer,4,0,0,0
1288,2270,Volunteer,volunteer,6,10,18,3
1289,2271,Volunteer,volunteer,5,0,0,1
1290,2273,Volunteer,volunteer,15,3,5,0
1291,2274,Volunteer,volunteer,9,4,4,0
1292,2275,Volunteer,volunteer,0,0,0,2
1293,2277,Volunteer,volunteer,0,0,4,0
1294,2279,Volunteer,volunteer,2,0,0,0
1295,2281,Volunteer,volunteer,1,0,1,0
1296,2284,Paid developer,Galois,1,1,0,0
1297,2285,Volunteer,volunteer,1,1,1,0
1298,2286,Volunteer,volunteer,13,2,1,1
1299,2289,Volunteer,volunteer,3,0,0,0
1300,2290,Volunteer,volunteer,1,2,0,0
1301,2291,Volunteer,volunteer,0,0,2,0
1302,2292,Volunteer,volunteer,1,1,5,0
1303,2293,Volunteer,volunteer,1,0,2,0
1304,2294,Volunteer,volunteer,2,0,0,0
1305,2296,Volunteer,volunteer,0,1,1,0
1306,2298,Volunteer,volunteer,2,0,1,0
1307,2299,Volunteer,volunteer,5,2,0,0
1308,2300,Volunteer,volunteer,2,0,0,0
1309,2303,Volunteer,volunteer,13,4,4,1
1310,2304,Volunteer,volunteer,26,4,5,1
1311,2306,Volunteer,volunteer,2,2,2,0
1312,2310,Volunteer,volunteer,0,4,3,0
1313,2311,Volunteer,volunteer,2,0,1,0
1314,2312,Volunteer,volunteer,3,0,1,0
1315,2317,Volunteer,volunteer,9,4,14,0
1316,2319,Volunteer,volunteer,6,1,1,0
1317,2320,Volunteer,volunteer,1,0,0,1
1318,2322,Volunteer,volunteer,7,3,4,0
1319,2323,Volunteer,volunteer,13,0,1,0
1320,2324,Volunteer,volunteer,1,1,0,0
1321,2325,Volunteer,volunteer,0,2,0,0
1322,2327,Volunteer,volunteer,6,5,7,2
1323,2328,Volunteer,volunteer,1,3,0,0
1324,2329,Volunteer,volunteer,17,4,7,0
1325,2331,Volunteer,volunteer,3,4,1,0
1326,2332,Volunteer,volunteer,1,0,1,0
1327,2334,Paid developer,adobe,1,2,2,0
1328,2335,Volunteer,volunteer,3,0,0,0
1329,2337,Volunteer,volunteer,2,0,0,0
1330,2340,Volunteer,volunteer,3,1,1,1
1331,2342,Volunteer,volunteer,7,1,3,0
1332,2346,Volunteer,volunteer,6,1,2,0
1333,2347,Volunteer,volunteer,16,7,10,1
1334,2348,Volunteer,volunteer,20,3,7,0
1335,2349,Volunteer,volunteer,2,0,3,1
1336,2351,Volunteer,volunteer,2,0,0,0
1337,2352,Volunteer,volunteer,16,12,11,6
1338,2354,Volunteer,volunteer,1,2,1,1
1339,2355,Volunteer,volunteer,1,2,1,0
1340,2356,Volunteer,volunteer,5,1,1,1
1341,2359,Volunteer,volunteer,1,1,0,0
1342,2360,Volunteer,volunteer,0,0,2,0
1343,2363,Volunteer,volunteer,2,0,0,0
1344,2364,Volunteer,volunteer,3,0,2,0
1345,2365,Volunteer,volunteer,0,8,11,2
1346,2366,Volunteer,volunteer,1,1,0,0
1347,2367,Volunteer,volunteer,2,1,1,1
1348,2368,Volunteer,volunteer,6,5,0,0
1349,2370,Paid developer,google,1,1,1,0
1350,2371,Volunteer,volunteer,0,1,2,0
1351,2372,Volunteer,volunteer,4,0,6,2
1352,2373,Volunteer,volunteer,2,1,3,0
1353,2375,Volunteer,volunteer,8,1,0,0
1354,2377,Volunteer,volunteer,5,1,0,0
1355,2378,Volunteer,volunteer,8,2,1,0
1356,2379,Volunteer,volunteer,3,2,1,0
1357,2380,Volunteer,volunteer,0,2,0,0
1358,2381,Volunteer,volunteer,0,1,0,1
1359,2382,Volunteer,volunteer,1,0,0,1
1360,2383,Volunteer,volunteer,0,2,0,0
1361,2384,Volunteer,volunteer,0,0,1,1
1362,2385,Volunteer,volunteer,7,0,2,0
1363,2386,Volunteer,volunteer,16,6,4,0
1364,2387,Volunteer,volunteer,10,4,4,0
1365,2388,Volunteer,volunteer,6,3,1,1
1366,2391,Volunteer,volunteer,14,10,3,0
1367,2392,Volunteer,volunteer,1,0,0,1
1368,2394,Volunteer,volunteer,1,0,1,0
1369,2395,Volunteer,volunteer,14,3,5,0
1370,2396,Volunteer,volunteer,1,4,3,1
1371,2400,Volunteer,volunteer,1,1,4,0
1372,2404,Volunteer,volunteer,8,2,0,1
1373,2406,Volunteer,volunteer,3,1,2,0
1374,2407,Volunteer,volunteer,2,8,1,0
1375,2408,Volunteer,volunteer,10,5,3,0
1376,2409,Volunteer,volunteer,1,0,1,0
1377,2410,Volunteer,volunteer,5,3,1,0
1378,2411,Volunteer,volunteer,7,0,0,0
1379,2413,Volunteer,volunteer,1,0,1,0
1380,2414,Paid developer,google,4,2,0,0
1381,2420,Volunteer,volunteer,8,6,5,3
1382,2421,Volunteer,volunteer,0,3,2,0
1383,2422,Volunteer,volunteer,2,0,1,1
1384,2423,Volunteer,volunteer,4,2,1,0
1385,2425,Volunteer,volunteer,2,2,2,0
1386,2426,Volunteer,volunteer,1,2,3,0
1387,2427,Volunteer,volunteer,3,0,0,0
1388,2429,Volunteer,volunteer,6,2,0,0
1389,2430,Volunteer,volunteer,1,1,0,0
1390,2431,Volunteer,volunteer,2,2,1,0
1391,2432,Volunteer,volunteer,3,0,1,0
1392,2433,Paid developer,Galois,2,0,2,0
1393,2433,Paid developer,mozilla,11,3,5,2
1394,2434,Volunteer,volunteer,1,0,1,0
1395,2435,Volunteer,volunteer,16,5,1,1
1396,2437,Volunteer,volunteer,1,1,0,0
1397,2439,Volunteer,volunteer,0,1,1,0
1398,2441,Volunteer,volunteer,1,0,7,0
1399,2442,Volunteer,volunteer,1,5,2,0
1400,2443,Volunteer,volunteer,5,3,1,0
1401,2444,Volunteer,volunteer,1,1,0,0
1402,2445,Volunteer,volunteer,2,2,0,0
1403,2446,Volunteer,volunteer,3,2,0,0
1404,2447,Volunteer,volunteer,0,0,2,2
1405,2448,Volunteer,volunteer,0,2,0,0
1406,2449,Volunteer,volunteer,4,0,1,0
1407,2450,Volunteer,volunteer,1,2,0,1
1408,2452,Paid developer,Scality,1,0,1,0
1409,2458,Volunteer,volunteer,2,1,1,0
1410,2459,Paid developer,oracle,2,1,7,0
1411,2461,Volunteer,volunteer,12,5,4,1
1412,2462,Volunteer,volunteer,4,2,1,2
1413,2466,Volunteer,volunteer,1,2,3,0
1414,2467,Volunteer,volunteer,2,1,0,0
1415,2469,Volunteer,volunteer,1,0,1,0
1416,2470,Volunteer,volunteer,0,2,2,0
1417,2472,Volunteer,volunteer,1,0,1,0
1418,2474,Volunteer,volunteer,0,0,1,1
1419,2475,Volunteer,volunteer,3,0,0,0
1420,2476,Volunteer,volunteer,1,1,0,0
1421,2477,Volunteer,volunteer,4,5,1,0
1422,2478,Volunteer,volunteer,1,0,0,1
1423,2479,Volunteer,volunteer,3,5,0,1
1424,2481,Volunteer,volunteer,13,4,0,0
1425,2482,Volunteer,volunteer,0,0,2,0
1426,2484,Volunteer,volunteer,2,2,4,0
1427,2485,Volunteer,volunteer,13,1,3,0
1428,2486,Volunteer,volunteer,0,1,1,0
1429,2488,Volunteer,volunteer,0,2,1,0
1430,2489,Volunteer,volunteer,4,2,5,0
1431,2491,Volunteer,volunteer,2,5,2,0
1432,2493,Volunteer,volunteer,0,1,1,0
1433,2494,Volunteer,volunteer,3,1,1,0
1434,2495,Volunteer,volunteer,2,0,0,0
1435,2498,Volunteer,volunteer,1,1,2,0
1436,2499,Volunteer,volunteer,8,1,4,0
1437,2500,Volunteer,volunteer,1,2,4,1
1438,2503,Volunteer,volunteer,2,1,0,0
1439,2505,Volunteer,volunteer,5,2,1,0
1440,2506,Volunteer,volunteer,2,0,0,1
1441,2507,Volunteer,volunteer,2,2,5,1
1442,2508,Volunteer,volunteer,2,0,0,0
1443,2509,Volunteer,volunteer,2,1,0,0
1444,2510,Volunteer,volunteer,3,2,1,0
1445,2511,Volunteer,volunteer,1,2,0,0
1446,2512,Volunteer,volunteer,3,0,0,0
1447,2514,Volunteer,volunteer,17,11,7,7
1448,2515,Volunteer,volunteer,4,3,7,1
1449,2517,Volunteer,volunteer,10,4,0,0
1450,2519,Volunteer,volunteer,2,0,0,0
1451,2520,Volunteer,volunteer,4,1,0,0
1452,2522,Volunteer,volunteer,2,0,1,0
1453,2523,Volunteer,volunteer,1,0,3,1
1454,2524,Volunteer,volunteer,2,1,1,0
1455,2525,Volunteer,volunteer,1,2,1,1
1456,2529,Volunteer,volunteer,3,3,0,0
1457,2530,Volunteer,volunteer,7,0,0,0
1458,2531,Volunteer,volunteer,1,0,1,0
1459,2533,Volunteer,volunteer,1,1,0,0
1460,2534,Volunteer,volunteer,6,3,2,0
1461,2537,Volunteer,volunteer,1,2,0,0
1462,2539,Volunteer,volunteer,13,2,8,1
1463,2540,Volunteer,volunteer,0,2,0,0
1464,2542,Paid developer,panix,6,3,2,1
1465,2543,Volunteer,volunteer,6,0,2,0
1466,2544,Volunteer,volunteer,0,1,1,0
1467,2545,Volunteer,volunteer,13,5,0,0
1468,2546,Paid developer,mozilla,1,5,1,0
1469,2547,Volunteer,volunteer,1,0,1,0
1470,2549,Volunteer,volunteer,2,1,0,0
1471,2550,Volunteer,volunteer,1,1,0,0
1472,2551,Volunteer,volunteer,2,5,2,0
1473,2552,Volunteer,volunteer,2,1,1,0
1474,2553,Volunteer,volunteer,10,3,8,0
1475,2555,Volunteer,volunteer,1,0,0,1
1476,2556,Volunteer,volunteer,0,3,1,0
1477,2557,Volunteer,volunteer,2,1,3,0
1478,2558,Volunteer,volunteer,2,0,0,0
1479,2563,Volunteer,volunteer,2,4,0,1
1480,2564,Volunteer,volunteer,2,3,0,0
1481,2565,Volunteer,volunteer,1,3,1,1
1482,2566,Volunteer,volunteer,4,1,0,0
1483,2567,Volunteer,volunteer,6,3,1,0
1484,2569,Volunteer,volunteer,7,1,2,0
1485,2570,Volunteer,volunteer,1,1,0,0
1486,2571,Volunteer,volunteer,24,15,6,0
1487,2574,Volunteer,volunteer,4,4,1,0
1488,2577,Volunteer,volunteer,7,0,0,0
1489,2579,Volunteer,volunteer,3,3,9,0
1490,2580,Volunteer,volunteer,1,0,1,0
1491,2581,Volunteer,volunteer,13,1,0,0
1492,2582,Volunteer,volunteer,6,1,0,0
1493,2583,Volunteer,volunteer,15,3,2,0
1494,2585,Volunteer,volunteer,1,2,1,0
1495,2586,Volunteer,volunteer,4,1,0,0
1496,2587,Volunteer,volunteer,2,3,1,1
1497,2588,Volunteer,volunteer,6,3,3,0
1498,2589,Volunteer,volunteer,2,1,1,0
1499,2590,Volunteer,volunteer,2,2,2,0
1500,2591,Volunteer,volunteer,2,0,0,0
1501,2593,Volunteer,volunteer,1,1,1,0
1502,2594,Volunteer,volunteer,1,0,1,0
1503,2597,Volunteer,volunteer,2,1,1,0
1504,2599,Volunteer,volunteer,5,1,1,0
1505,2601,Volunteer,volunteer,2,0,0,0
1506,2604,Volunteer,volunteer,24,2,7,4
1507,2605,Volunteer,volunteer,3,0,0,0
1508,2606,Volunteer,volunteer,3,0,0,0
1509,2607,Volunteer,volunteer,5,2,2,0
1510,2609,Volunteer,volunteer,3,0,0,0
1511,2611,Volunteer,volunteer,6,0,0,1
1512,2612,Volunteer,volunteer,1,2,0,0
1513,2614,Volunteer,volunteer,1,0,1,0
1514,2617,Volunteer,volunteer,3,1,0,0
1515,2618,Volunteer,volunteer,2,2,1,0
1516,2619,Volunteer,volunteer,2,0,0,0
1517,2621,Volunteer,volunteer,0,0,2,0
1518,2623,Volunteer,volunteer,9,5,5,1
1519,2625,Paid developer,red hat,2,0,1,0
1520,2626,Volunteer,volunteer,2,1,0,0
1521,2627,Paid developer,red hat,2,1,0,0
1522,2628,Volunteer,volunteer,2,0,0,0
1523,2630,Volunteer,volunteer,0,6,3,0
1524,2631,Volunteer,volunteer,5,6,4,0
1525,2633,Volunteer,volunteer,4,3,2,0
1526,2635,Volunteer,volunteer,0,0,2,0
1527,2636,Paid developer,CurrySoftware,3,4,1,0
1528,2639,Volunteer,volunteer,9,3,2,1
1529,2640,Paid developer,oracle,2,3,4,0
1530,2641,Volunteer,volunteer,1,3,0,0
1531,2642,Volunteer,volunteer,0,0,1,1
1532,2645,Volunteer,volunteer,21,23,4,0
1533,2646,Volunteer,volunteer,2,0,0,0
1534,2647,Volunteer,volunteer,1,0,1,0
1535,2648,Volunteer,volunteer,2,0,0,0
1536,2649,Volunteer,volunteer,1,1,0,1
1537,2652,Volunteer,volunteer,2,0,0,0
1538,2654,Volunteer,volunteer,4,2,0,1
1539,2656,Volunteer,volunteer,0,1,0,1
1540,2657,Volunteer,volunteer,0,0,2,0
1541,2658,Volunteer,volunteer,0,2,1,0
1542,2659,Volunteer,volunteer,2,0,1,0
1543,2660,Volunteer,volunteer,1,1,0,0
1544,2661,Volunteer,volunteer,0,3,0,0
1545,2662,Volunteer,volunteer,5,1,1,0
1546,2664,Volunteer,volunteer,4,2,1,0
1547,2666,Volunteer,volunteer,1,1,0,1
1548,2667,Volunteer,volunteer,2,0,3,0
1549,2669,Volunteer,volunteer,2,2,0,0
1550,2673,Volunteer,volunteer,9,4,3,0
1551,2674,Volunteer,volunteer,2,0,1,0
1552,2680,Volunteer,volunteer,1,0,1,0
1553,2681,Volunteer,volunteer,0,1,1,0
1554,2682,Volunteer,volunteer,9,0,1,0
1555,2684,Volunteer,volunteer,5,2,1,0
1556,2690,Volunteer,volunteer,1,1,1,0
1557,2692,Volunteer,volunteer,0,0,2,0
1558,2694,Volunteer,volunteer,1,0,1,0
1559,2697,Volunteer,volunteer,3,0,1,0
1560,2698,Volunteer,volunteer,1,1,0,0
1561,2700,Volunteer,volunteer,5,3,4,2
1562,2702,Volunteer,volunteer,2,2,0,3
1563,2703,Paid developer,Atlassian,1,2,1,0
1564,2704,Volunteer,volunteer,0,2,2,1
1565,2705,Volunteer,volunteer,41,3,1,1
1566,2706,Volunteer,volunteer,4,3,2,0
1567,2710,Volunteer,volunteer,0,0,3,0
1568,2712,Volunteer,volunteer,2,0,0,0
1569,2713,Volunteer,volunteer,2,1,1,0
1570,2715,Volunteer,volunteer,0,0,2,0
1571,2718,Volunteer,volunteer,2,1,0,0
1572,2719,Volunteer,volunteer,1,3,0,0
1573,2721,Volunteer,volunteer,1,0,1,0
1574,2723,Volunteer,volunteer,1,0,1,0
1575,2725,Volunteer,volunteer,2,1,3,0
1576,2727,Volunteer,volunteer,0,1,1,0
1577,2728,Volunteer,volunteer,3,0,0,0
1578,2729,Volunteer,volunteer,2,0,0,0
1579,2732,Volunteer,volunteer,6,3,0,0
1580,2733,Volunteer,volunteer,1,1,0,1
1581,2735,Volunteer,volunteer,19,9,8,5
1582,2739,Volunteer,volunteer,2,0,0,0
1583,2740,Volunteer,volunteer,5,0,2,0
1584,2743,Volunteer,volunteer,1,0,1,0
1585,2744,Paid developer,google,4,2,1,0
1586,2745,Volunteer,volunteer,8,0,1,1
1587,2746,Volunteer,volunteer,0,1,1,0
1588,2748,Volunteer,volunteer,4,0,2,0
1589,2749,Volunteer,volunteer,0,0,3,0
1590,2751,Volunteer,volunteer,1,0,1,0
1591,2753,Volunteer,volunteer,3,2,0,0
1592,2754,Volunteer,volunteer,4,2,1,0
1593,2755,Volunteer,volunteer,5,3,1,0
1594,2760,Volunteer,volunteer,3,0,1,1
1595,2761,Volunteer,volunteer,2,0,0,0
1596,2762,Volunteer,volunteer,5,0,0,0
1597,2763,Volunteer,volunteer,7,1,0,0
1598,2765,Volunteer,volunteer,0,0,2,0
1599,2768,Volunteer,volunteer,0,1,1,0
1600,2770,Volunteer,volunteer,5,3,2,0
1601,2771,Volunteer,volunteer,2,3,9,0
1602,2772,Volunteer,volunteer,0,0,2,0
1603,2773,Volunteer,volunteer,0,0,2,0
1604,2777,Volunteer,volunteer,1,1,1,0
1605,2779,Volunteer,volunteer,1,0,1,0
1606,2780,Volunteer,volunteer,1,0,1,0
1607,2781,Volunteer,volunteer,1,0,2,0
1608,2784,Volunteer,volunteer,1,0,1,0
1609,2785,Volunteer,volunteer,5,3,1,0
1610,2788,Volunteer,volunteer,1,1,0,0
1611,2789,Volunteer,volunteer,2,1,1,0
1612,2790,Volunteer,volunteer,4,5,0,0
1613,2791,Volunteer,volunteer,20,5,3,0
1614,2792,Volunteer,volunteer,0,0,2,0
1615,2795,Volunteer,volunteer,1,1,2,0
1616,2796,Paid developer,adobe,0,0,2,0
1617,2797,Volunteer,volunteer,3,2,0,0
1618,2802,Volunteer,volunteer,1,1,1,0
1619,2803,Volunteer,volunteer,0,0,2,0
1620,2804,Volunteer,volunteer,3,0,0,0
1621,2805,Volunteer,volunteer,1,0,1,1
1622,2806,Volunteer,volunteer,0,5,1,0
1623,2807,Volunteer,volunteer,2,2,0,0
1624,2808,Volunteer,volunteer,2,2,2,0
1625,2809,Volunteer,volunteer,0,2,0,0
1626,2812,Volunteer,volunteer,9,8,2,0
1627,2815,Volunteer,volunteer,4,3,2,0
1628,2816,Volunteer,volunteer,2,2,3,1
1629,2817,Volunteer,volunteer,1,3,0,0
1630,2818,Volunteer,volunteer,0,0,4,0
1631,2819,Volunteer,volunteer,6,6,1,0
1632,2820,Volunteer,volunteer,1,1,1,0
1633,2822,Volunteer,volunteer,4,2,1,0
1634,2823,Volunteer,volunteer,1,0,3,0
1635,2824,Volunteer,volunteer,1,1,5,0
1636,2825,Volunteer,volunteer,3,3,0,0
1637,2830,Volunteer,volunteer,0,4,0,0
1638,2832,Volunteer,volunteer,2,0,0,0
1639,2834,Volunteer,volunteer,7,2,0,0
1640,2835,Volunteer,volunteer,0,0,3,0
1641,2837,Volunteer,volunteer,0,1,1,0
1642,2838,Volunteer,volunteer,0,3,0,0
1643,2839,Volunteer,volunteer,1,1,0,0
1644,2842,Volunteer,volunteer,4,0,0,0
1645,2845,Volunteer,volunteer,0,0,2,0
1646,2846,Volunteer,volunteer,3,5,1,0
1647,2848,Volunteer,volunteer,0,2,0,0
1648,2849,Volunteer,volunteer,0,2,0,0
1649,2850,Volunteer,volunteer,3,2,1,0
1650,2851,Volunteer,volunteer,1,0,2,0
1651,2855,Volunteer,volunteer,0,1,2,0
1652,2856,Volunteer,volunteer,0,0,2,0
1653,2857,Volunteer,volunteer,2,0,0,0
1654,2858,Volunteer,volunteer,2,2,2,0
1655,2859,Volunteer,volunteer,3,0,2,0
1656,2860,Volunteer,volunteer,1,0,1,0
1657,2863,Volunteer,volunteer,1,2,0,0
1658,2864,Volunteer,volunteer,1,1,0,0
1659,2865,Volunteer,volunteer,0,0,2,0
1660,2867,Volunteer,volunteer,1,1,0,0
1661,2868,Volunteer,volunteer,2,1,0,0
1662,2872,Volunteer,volunteer,1,2,0,0
1663,2873,Volunteer,volunteer,1,0,0,1
1664,2875,Volunteer,volunteer,2,0,0,0
1665,2876,Volunteer,volunteer,3,1,1,0
1666,2877,Volunteer,volunteer,0,1,1,0
1667,2878,Volunteer,volunteer,0,2,1,1
1668,2880,Volunteer,volunteer,0,1,1,0
1669,2881,Volunteer,volunteer,0,1,1,1
1670,2883,Paid developer,google,16,0,2,0
1671,2885,Volunteer,volunteer,1,0,0,1
1672,2886,Volunteer,volunteer,2,2,2,0
1673,2887,Volunteer,volunteer,4,0,0,0
1674,2888,Volunteer,volunteer,3,0,0,2
1675,2889,Volunteer,volunteer,1,4,0,0
1676,2893,Volunteer,volunteer,2,1,0,0
1677,2894,Volunteer,volunteer,1,1,0,0
1678,2896,Volunteer,volunteer,2,2,0,0
1679,2897,Volunteer,volunteer,1,0,1,0
1680,2899,Volunteer,volunteer,0,4,0,0
1681,2900,Volunteer,volunteer,1,2,0,0
1682,2903,Volunteer,volunteer,3,2,0,2
1683,2905,Volunteer,volunteer,1,0,0,1
1684,2906,Volunteer,volunteer,2,0,0,0
1685,2908,Volunteer,volunteer,1,0,1,0
1686,2909,Volunteer,volunteer,1,1,0,0
1687,2911,Volunteer,volunteer,10,1,2,8
1688,2916,Volunteer,volunteer,10,4,4,0
1689,2917,Volunteer,volunteer,1,0,1,0
1690,2918,Volunteer,volunteer,2,0,0,0
1691,2919,Volunteer,volunteer,4,1,0,2
1692,2920,Volunteer,volunteer,2,2,1,1
1693,2921,Volunteer,volunteer,2,0,1,0
1694,2922,Volunteer,volunteer,2,0,0,0
1695,2923,Volunteer,volunteer,0,0,2,0
1696,2924,Volunteer,volunteer,2,1,0,0
1697,2925,Volunteer,volunteer,2,0,1,0
1698,2926,Volunteer,volunteer,3,0,2,0
1699,2930,Volunteer,volunteer,4,9,5,0
1700,2931,Volunteer,volunteer,0,0,2,0
1701,2932,Volunteer,volunteer,0,1,2,0
1702,2934,Volunteer,volunteer,0,0,2,0
1703,2935,Volunteer,volunteer,2,0,2,1
1704,2936,Volunteer,volunteer,0,1,1,0
1705,2938,Volunteer,volunteer,1,1,0,0
1706,2942,Volunteer,volunteer,1,0,1,0
1707,2948,Volunteer,volunteer,0,2,0,0
1708,2949,Volunteer,volunteer,2,1,2,0
1709,2951,Volunteer,volunteer,0,0,3,0
1710,2953,Volunteer,volunteer,3,0,0,0
1711,2954,Volunteer,volunteer,4,3,0,0
1712,2956,Volunteer,volunteer,0,1,1,0
1713,2960,Volunteer,volunteer,13,4,3,0
1714,2961,Paid developer,google,9,4,1,0
1715,2964,Volunteer,volunteer,2,2,4,0
1716,2967,Volunteer,volunteer,2,0,3,0
1717,2968,Volunteer,volunteer,0,1,1,0
1718,2969,Volunteer,volunteer,4,2,0,0
1719,2971,Volunteer,volunteer,2,0,1,0
1720,2974,Volunteer,volunteer,8,0,0,0
1721,2976,Volunteer,volunteer,0,0,2,0
1722,2978,Volunteer,volunteer,2,0,1,1
1723,2979,Volunteer,volunteer,2,0,0,0
1724,2980,Volunteer,volunteer,0,2,0,0
1725,2981,Volunteer,volunteer,6,5,10,1
1726,2982,Volunteer,volunteer,2,0,1,0
1727,2985,Volunteer,volunteer,3,1,0,0
1728,2987,Volunteer,volunteer,9,6,4,0
1729,2988,Volunteer,volunteer,2,1,1,0
1730,2990,Volunteer,volunteer,0,0,3,0
1731,2991,Volunteer,volunteer,0,2,0,0
1732,2992,Volunteer,volunteer,7,6,1,1
1733,2994,Volunteer,volunteer,3,0,2,1
1734,2996,Volunteer,volunteer,0,0,2,0
1735,2997,Volunteer,volunteer,2,1,0,0
1736,2998,Volunteer,volunteer,10,5,28,3
1737,3001,Volunteer,volunteer,3,1,0,0
1738,3003,Volunteer,volunteer,3,1,1,0
1739,3004,Volunteer,volunteer,0,1,1,0
1740,3007,Volunteer,volunteer,0,0,2,1
1741,3009,Volunteer,volunteer,1,2,0,1
1742,3014,Volunteer,volunteer,12,7,6,3
1743,3019,Volunteer,volunteer,3,1,1,0
1744,3021,Volunteer,volunteer,1,0,1,0
1745,3022,Volunteer,volunteer,4,0,1,0
1746,3025,Volunteer,volunteer,1,0,1,0
1747,3026,Volunteer,volunteer,11,3,3,0
1748,3027,Volunteer,volunteer,2,1,1,0
1749,3028,Volunteer,volunteer,5,3,3,0
1750,3029,Volunteer,volunteer,21,9,10,0
1751,3030,Volunteer,volunteer,12,2,4,1
1752,3031,Volunteer,volunteer,3,1,0,0
1753,3034,Volunteer,volunteer,0,0,2,0
1754,3035,Volunteer,volunteer,1,1,0,0
1755,3036,Volunteer,volunteer,4,1,1,0
1756,3038,Volunteer,volunteer,2,1,2,0
1757,3040,Volunteer,volunteer,3,1,0,0
1758,3041,Volunteer,volunteer,0,1,1,0
1759,3042,Volunteer,volunteer,2,2,4,0
1760,3045,Volunteer,volunteer,1,0,1,1
1761,3046,Volunteer,volunteer,4,0,0,0
1762,3047,Volunteer,volunteer,2,2,1,0
1763,3048,Volunteer,volunteer,5,2,0,0
1764,3050,Volunteer,volunteer,3,0,1,0
1765,3053,Volunteer,volunteer,4,1,1,0
1766,3054,Volunteer,volunteer,5,2,3,0
1767,3055,Paid developer,mozilla,0,1,2,0
1768,3056,Volunteer,volunteer,1,2,1,0
1769,3058,Volunteer,volunteer,3,1,3,0
1770,3059,Volunteer,volunteer,5,1,0,0
1771,3060,Volunteer,volunteer,18,6,3,2
1772,3061,Volunteer,volunteer,0,0,2,0
1773,3068,Volunteer,volunteer,1,2,0,0
1774,3070,Volunteer,volunteer,1,1,0,0
1775,3071,Volunteer,volunteer,2,1,0,0
1776,3073,Volunteer,volunteer,4,0,1,0
1777,3074,Volunteer,volunteer,3,2,3,0
1778,3075,Volunteer,volunteer,1,1,1,0
1779,3076,Volunteer,volunteer,10,3,0,0
1780,3077,Volunteer,volunteer,8,3,7,0
1781,3079,Volunteer,volunteer,8,0,4,2
1782,3080,Volunteer,volunteer,3,0,1,0
1783,3082,Volunteer,volunteer,1,0,0,1
1784,3083,Volunteer,volunteer,0,1,1,0
1785,3085,Volunteer,volunteer,3,0,1,0
1786,3086,Volunteer,volunteer,0,3,2,0
1787,3087,Volunteer,volunteer,2,3,0,0
1788,3090,Volunteer,volunteer,14,6,3,0
1789,3091,Volunteer,volunteer,2,0,1,0
1790,3092,Volunteer,volunteer,1,0,1,0
1791,3093,Volunteer,volunteer,21,3,11,0
1792,3097,Volunteer,volunteer,1,1,3,0
1793,3099,Volunteer,volunteer,2,0,0,0
1794,3100,Volunteer,volunteer,2,0,1,1
1795,3102,Volunteer,volunteer,2,1,2,0
1796,3103,Volunteer,volunteer,7,4,5,0
1797,3104,Volunteer,volunteer,12,1,0,0
1798,3107,Volunteer,volunteer,7,0,0,0
1799,3109,Volunteer,volunteer,4,0,0,0
1800,3112,Volunteer,volunteer,3,0,1,0
1801,3113,Volunteer,volunteer,9,6,2,3
1802,3115,Volunteer,volunteer,3,1,0,0
1803,3120,Volunteer,volunteer,5,0,0,0
1804,3121,Volunteer,volunteer,2,0,0,0
1805,3123,Volunteer,volunteer,0,1,2,0
1806,3125,Volunteer,volunteer,0,1,1,0
1807,3127,Volunteer,volunteer,13,1,14,2
1808,3128,Volunteer,volunteer,1,0,1,0
1809,3129,Volunteer,volunteer,2,0,0,0
1810,3130,Volunteer,volunteer,3,1,1,0
1811,3131,Volunteer,volunteer,2,2,1,1
1812,3132,Volunteer,volunteer,2,2,2,1
1813,3135,Volunteer,volunteer,2,0,2,0
1814,3144,Volunteer,volunteer,1,1,1,0
1815,3148,Volunteer,volunteer,0,1,1,0
1816,3150,Volunteer,volunteer,1,0,2,0
1817,3151,Volunteer,volunteer,25,10,3,1
1818,3156,Volunteer,volunteer,8,4,0,0
1819,3157,Volunteer,volunteer,5,0,3,1
1820,3162,Volunteer,volunteer,2,1,0,0
1821,3163,Volunteer,volunteer,4,1,1,0
1822,3165,Volunteer,volunteer,5,0,7,1
1823,3166,Volunteer,volunteer,0,0,3,0
1824,3167,Volunteer,volunteer,1,1,0,1
1825,3171,Volunteer,volunteer,1,0,3,0
1826,3175,Volunteer,volunteer,1,0,1,0
1827,3177,Volunteer,volunteer,3,0,0,0
1828,3178,Volunteer,volunteer,7,0,0,0
1829,3179,Volunteer,volunteer,6,2,0,0
1830,3180,Volunteer,volunteer,7,2,0,0
1831,3181,Volunteer,volunteer,2,1,1,0
1832,3182,Volunteer,volunteer,1,1,1,0
1833,3184,Volunteer,volunteer,0,3,0,0
1834,3186,Volunteer,volunteer,0,0,2,0
1835,3187,Volunteer,volunteer,0,2,0,0
1836,3188,Volunteer,volunteer,0,0,1,1
1837,3192,Volunteer,volunteer,4,2,0,1
1838,3194,Volunteer,volunteer,0,2,0,0
1839,3196,Volunteer,volunteer,2,0,0,0
1840,3200,Volunteer,volunteer,7,4,1,0
1841,3202,Volunteer,volunteer,3,1,0,0
1842,3203,Volunteer,volunteer,8,1,1,0
1843,3204,Volunteer,volunteer,6,1,0,0
1844,3205,Volunteer,volunteer,1,2,0,0
1845,3206,Volunteer,volunteer,6,0,3,3
1846,3208,Volunteer,volunteer,2,0,1,0
1847,3209,Volunteer,volunteer,1,0,2,0
1848,3210,Volunteer,volunteer,2,0,1,0
1849,3211,Volunteer,volunteer,0,1,1,0
1850,3213,Volunteer,volunteer,5,2,6,1
1851,3214,Volunteer,volunteer,2,1,0,0
1852,3216,Volunteer,volunteer,1,1,1,0
1853,3217,Volunteer,volunteer,6,1,1,0
1854,3218,Volunteer,volunteer,26,11,6,2
1855,3219,Volunteer,volunteer,3,1,1,0
1856,3220,Volunteer,volunteer,5,7,1,0
1857,3221,Volunteer,volunteer,10,0,4,0
1858,3222,Volunteer,volunteer,0,0,2,0
1859,3223,Volunteer,volunteer,0,2,0,0
1860,3224,Volunteer,volunteer,2,1,0,0
1861,3225,Volunteer,volunteer,1,3,3,0
1862,3228,Volunteer,volunteer,15,11,4,0
1863,3229,Volunteer,volunteer,2,0,2,0
1864,3234,Volunteer,volunteer,1,0,1,0
1865,3235,Volunteer,volunteer,1,0,1,0
1866,3236,Volunteer,volunteer,2,3,0,1
1867,3240,Volunteer,volunteer,0,0,0,3
1868,3241,Volunteer,volunteer,2,1,1,1
1869,3242,Volunteer,volunteer,1,1,1,0
1870,3243,Volunteer,volunteer,2,0,0,0
1871,3245,Volunteer,volunteer,0,0,1,2
1872,3248,Volunteer,volunteer,1,2,0,0
1873,3249,Volunteer,volunteer,6,4,2,1
1874,3250,Volunteer,volunteer,2,0,0,0
1875,3251,Volunteer,volunteer,8,1,1,0
1876,3253,Volunteer,volunteer,5,4,0,0
1877,3257,Volunteer,volunteer,0,0,2,1
1878,3259,Volunteer,volunteer,10,2,4,0
1879,3260,Volunteer,volunteer,2,0,0,0
1880,3261,Volunteer,volunteer,0,1,1,0
1881,3263,Volunteer,volunteer,0,0,1,1
1882,3264,Volunteer,volunteer,1,0,1,0
1883,3265,Volunteer,volunteer,1,1,0,0
1884,3267,Volunteer,volunteer,1,1,0,0
1885,3269,Volunteer,volunteer,2,1,1,0
1886,3271,Volunteer,volunteer,1,1,0,0
1887,3272,Volunteer,volunteer,8,3,3,0
1888,3273,Volunteer,volunteer,3,3,5,0
1889,3274,Volunteer,volunteer,1,0,1,0
1890,3275,Volunteer,volunteer,2,1,2,0
1891,3277,Volunteer,volunteer,2,0,0,0
1892,3280,Volunteer,volunteer,1,0,5,1
1893,3282,Paid developer,metaswitch,2,0,1,0
1894,3284,Volunteer,volunteer,0,1,3,0
1895,3285,Volunteer,volunteer,2,0,1,0
1896,3290,Volunteer,volunteer,8,6,6,0
1897,3291,Volunteer,volunteer,1,0,0,1
1898,3292,Volunteer,volunteer,3,1,3,0
1899,3293,Volunteer,volunteer,2,0,0,0
1900,3294,Volunteer,volunteer,9,4,0,2
1901,3296,Volunteer,volunteer,2,1,2,0
1902,3298,Volunteer,volunteer,2,1,0,0
1903,3303,Volunteer,volunteer,4,1,4,1
1904,3309,Volunteer,volunteer,3,1,0,0
1905,3311,Volunteer,volunteer,2,1,0,0
1906,3312,Volunteer,volunteer,3,0,1,0
1907,3314,Volunteer,volunteer,4,0,1,0
1908,3315,Volunteer,volunteer,2,3,2,3
1909,3321,Volunteer,volunteer,0,1,0,1
1910,3325,Volunteer,volunteer,1,0,3,0
1911,3326,Volunteer,volunteer,0,1,0,2
1912,3327,Paid developer,samsung,2,1,1,0
1913,3328,Volunteer,volunteer,0,1,1,0
1914,3334,Volunteer,volunteer,0,2,0,0
1915,3335,Volunteer,volunteer,0,1,2,0
1916,3339,Volunteer,volunteer,0,2,0,0
1917,3340,Volunteer,volunteer,2,0,0,0
1918,3342,Volunteer,volunteer,1,1,1,0
1919,3346,Volunteer,volunteer,2,0,1,0
1920,3350,Volunteer,volunteer,0,0,3,0
1921,3351,Paid developer,mozilla,9,4,0,0
1922,3359,Volunteer,volunteer,3,1,0,2
1923,3360,Volunteer,volunteer,0,2,2,0
1924,3366,Volunteer,volunteer,3,0,0,0
1925,3369,Volunteer,volunteer,2,1,2,0
1926,3370,Volunteer,volunteer,1,1,1,0
1927,3371,Volunteer,volunteer,2,0,0,0
1928,3372,Volunteer,volunteer,0,0,6,0
1929,3374,Volunteer,volunteer,1,1,1,0
1930,3376,Volunteer,volunteer,0,0,2,1
1931,3379,Volunteer,volunteer,1,0,1,0
1932,3382,Volunteer,volunteer,2,1,0,0
1933,3383,Volunteer,volunteer,3,0,0,0
1934,3385,Volunteer,volunteer,0,0,2,0
1935,3391,Volunteer,volunteer,2,0,0,0
1936,3393,Volunteer,volunteer,3,0,0,0
1937,3395,Volunteer,volunteer,2,0,0,0
1938,3396,Volunteer,volunteer,2,0,1,0
1939,3397,Volunteer,volunteer,5,3,3,0
1940,3399,Volunteer,volunteer,1,0,3,0
1941,3401,Volunteer,volunteer,2,1,0,0
1942,3402,Volunteer,volunteer,2,2,4,0
1943,3403,Volunteer,volunteer,5,2,0,0
1944,3404,Volunteer,volunteer,0,0,0,3
1945,3410,Volunteer,volunteer,26,4,2,2
1946,3411,Volunteer,volunteer,1,0,4,0
1947,3413,Volunteer,volunteer,22,12,18,0
1948,3417,Volunteer,volunteer,1,1,0,0
1949,3420,Volunteer,volunteer,1,0,1,0
1950,3423,Volunteer,volunteer,11,2,14,1
1951,3426,Volunteer,volunteer,2,0,1,0
1952,3427,Volunteer,volunteer,1,1,0,0
1953,3428,Volunteer,volunteer,8,2,3,0
1954,3429,Volunteer,volunteer,1,0,0,1
1955,3430,Volunteer,volunteer,4,1,0,0
1956,3432,Volunteer,volunteer,0,2,0,0
1957,3433,Volunteer,volunteer,1,3,3,2
1958,3435,Volunteer,volunteer,2,0,0,0
1959,3436,Volunteer,volunteer,0,0,2,0
1960,3439,Volunteer,volunteer,2,1,1,0
1961,3440,Volunteer,volunteer,6,0,2,0
1962,3443,Volunteer,volunteer,1,0,1,0
1963,3445,Volunteer,volunteer,2,1,0,0
1964,3446,Volunteer,volunteer,5,1,3,0
1965,3447,Volunteer,volunteer,1,0,1,0
1966,3449,Volunteer,volunteer,2,1,2,0
1967,3454,Volunteer,volunteer,3,1,0,2
1968,3456,Volunteer,volunteer,2,1,0,0
1969,3457,Volunteer,volunteer,2,0,0,0
1970,3458,Volunteer,volunteer,1,0,1,0
1971,3460,Volunteer,volunteer,2,1,2,0
1972,3462,Volunteer,volunteer,3,3,0,0
1973,3464,Volunteer,volunteer,3,0,2,1
1974,3466,Volunteer,volunteer,0,0,0,2
1975,3467,Volunteer,volunteer,1,2,0,0
1976,3468,Volunteer,volunteer,5,1,5,0
1977,3469,Volunteer,volunteer,2,1,0,0
1978,3473,Volunteer,volunteer,1,0,1,0
1979,3474,Volunteer,volunteer,2,0,1,0
1980,3476,Volunteer,volunteer,2,0,0,0
1981,3477,Volunteer,volunteer,3,0,1,0
1982,3480,Volunteer,volunteer,3,3,2,0
1983,3481,Volunteer,volunteer,1,1,0,0
1984,3483,Volunteer,volunteer,1,1,1,0
1985,3485,Volunteer,volunteer,1,0,1,0
1986,3488,Volunteer,volunteer,8,4,0,0
1987,3494,Volunteer,volunteer,1,0,3,0
1988,3495,Volunteer,volunteer,3,0,2,0
1989,3499,Volunteer,volunteer,3,1,0,0
1990,3502,Volunteer,volunteer,9,3,6,0
1991,3503,Volunteer,volunteer,1,0,2,0
1992,3504,Paid developer,samsung,4,5,2,0
1993,3507,Volunteer,volunteer,0,0,0,2
1994,3508,Volunteer,volunteer,17,5,17,1
1995,3510,Volunteer,volunteer,5,2,0,0
1996,3513,Volunteer,volunteer,1,2,1,0
1997,3515,Volunteer,volunteer,1,0,2,0
1998,3517,Volunteer,volunteer,1,1,0,0
1999,3519,Volunteer,volunteer,1,1,1,0
2000,3520,Volunteer,volunteer,6,0,0,1
2001,3521,Volunteer,volunteer,2,0,2,0
2002,3522,Volunteer,volunteer,0,0,2,0
2003,3526,Volunteer,volunteer,1,0,1,0
2004,3527,Volunteer,volunteer,1,0,1,0
2005,3530,Volunteer,volunteer,1,1,0,0
2006,3534,Volunteer,volunteer,1,2,1,0
2007,3535,Volunteer,volunteer,1,0,2,0
2008,3537,Volunteer,volunteer,1,1,0,0
2009,3540,Volunteer,volunteer,1,1,1,0
2010,3541,Volunteer,volunteer,1,0,1,0
2011,3542,Volunteer,volunteer,5,3,1,2
2012,3543,Volunteer,volunteer,1,0,1,0
2013,3544,Volunteer,volunteer,5,2,1,0
2014,3550,Volunteer,volunteer,2,0,0,0
2015,3551,Volunteer,volunteer,0,2,0,0
2016,3552,Volunteer,volunteer,0,2,0,0
2017,3558,Volunteer,volunteer,4,0,0,0
2018,3559,Volunteer,volunteer,1,0,1,0
2019,3560,Volunteer,volunteer,2,0,1,0
2020,3561,Volunteer,volunteer,1,0,1,0
2021,3562,Volunteer,volunteer,1,1,0,0
2022,3563,Volunteer,volunteer,3,1,0,1
2023,3566,Volunteer,volunteer,6,0,0,0
2024,3567,Volunteer,volunteer,2,0,1,0
2025,3569,Volunteer,volunteer,0,1,1,0
2026,3573,Volunteer,volunteer,0,1,0,1
2027,3576,Volunteer,volunteer,0,1,1,0
2028,3577,Volunteer,volunteer,14,11,1,0
2029,3579,Volunteer,volunteer,1,0,1,0
2030,3580,Volunteer,volunteer,1,1,0,0
2031,3582,Volunteer,volunteer,4,0,1,0
2032,3587,Volunteer,volunteer,3,0,0,0
2033,3594,Volunteer,volunteer,23,7,13,5
2034,3602,Volunteer,volunteer,1,0,0,1
2035,3605,Volunteer,volunteer,1,2,0,0
2036,3606,Volunteer,volunteer,0,1,1,0
2037,3608,Volunteer,volunteer,3,0,0,0
2038,3610,Volunteer,volunteer,3,0,0,0
2039,3612,Volunteer,volunteer,6,0,6,0
2040,3615,Volunteer,volunteer,2,0,0,0
2041,3619,Volunteer,volunteer,2,0,0,0
2042,3621,Volunteer,volunteer,0,1,1,0
2043,3623,Volunteer,volunteer,2,0,0,1
2044,3625,Volunteer,volunteer,0,2,0,1
2045,3626,Volunteer,volunteer,0,0,2,0
2046,3628,Volunteer,volunteer,1,1,0,0
2047,3629,Paid developer,Voormedia,4,0,0,0
2048,3631,Volunteer,volunteer,0,0,2,0
2049,3632,Volunteer,volunteer,1,1,0,1
2050,3633,Volunteer,volunteer,1,1,0,0
2051,3646,Volunteer,volunteer,5,2,1,1
2052,3648,Volunteer,volunteer,2,0,1,0
2053,3650,Paid developer,panix,1,0,1,0
2054,3653,Volunteer,volunteer,1,1,0,0
2055,3656,Volunteer,volunteer,1,0,3,0
2056,3658,Volunteer,volunteer,0,0,0,2
2057,3660,Volunteer,volunteer,0,1,1,0
2058,3663,Volunteer,volunteer,2,0,0,0
2059,3664,Volunteer,volunteer,1,1,1,0
2060,3665,Volunteer,volunteer,18,1,2,0
2061,3666,Volunteer,volunteer,1,0,1,0
2062,3670,Volunteer,volunteer,0,2,0,0
2063,3671,Volunteer,volunteer,7,3,2,0
2064,3672,Volunteer,volunteer,10,3,2,0
2065,3673,Volunteer,volunteer,1,1,0,0
2066,3675,Volunteer,volunteer,0,0,3,1
2067,3676,Volunteer,volunteer,6,0,0,0
2068,3679,Volunteer,volunteer,6,1,0,0
2069,3682,Volunteer,volunteer,1,1,2,0
2070,3684,Volunteer,volunteer,3,2,0,0
2071,3689,Volunteer,volunteer,2,2,0,1
2072,3690,Volunteer,volunteer,0,1,0,1
2073,3692,Volunteer,volunteer,10,1,3,0
2074,3694,Volunteer,volunteer,1,1,2,1
2075,3697,Volunteer,volunteer,0,0,0,2
2076,3700,Volunteer,volunteer,4,2,1,0
2077,3702,Volunteer,volunteer,5,1,1,0
2078,3706,Volunteer,volunteer,4,0,3,0
2079,3707,Volunteer,volunteer,5,0,2,1
2080,3710,Volunteer,volunteer,6,0,1,1
2081,3711,Volunteer,volunteer,1,0,0,1
2082,3712,Volunteer,volunteer,1,1,2,0
2083,3713,Volunteer,volunteer,4,1,6,0
2084,3715,Volunteer,volunteer,3,0,0,0
2085,3716,Volunteer,volunteer,0,0,2,0
2086,3717,Volunteer,volunteer,2,0,0,0
2087,3719,Volunteer,volunteer,3,0,0,0
2088,3721,Volunteer,volunteer,5,5,5,1
2089,3722,Volunteer,volunteer,2,0,1,0
2090,3726,Volunteer,volunteer,1,1,0,0
2091,3727,Volunteer,volunteer,0,0,2,0
2092,3728,Volunteer,volunteer,3,0,0,0
2093,3732,Volunteer,volunteer,2,0,0,0
2094,3733,Volunteer,volunteer,1,1,0,0
2095,3735,Volunteer,volunteer,2,1,2,0
2096,3736,Volunteer,volunteer,1,0,3,1
2097,3740,Volunteer,volunteer,0,2,4,0
2098,3742,Volunteer,volunteer,10,14,14,4
2099,3743,Volunteer,volunteer,5,1,0,0
2100,3744,Volunteer,volunteer,1,2,0,0
2101,3745,Volunteer,volunteer,2,0,0,0
2102,3746,Volunteer,volunteer,2,0,0,0
2103,3749,Volunteer,volunteer,3,2,0,0
2104,3752,Volunteer,volunteer,2,0,0,0
2105,3755,Volunteer,volunteer,1,2,1,0
2106,3756,Volunteer,volunteer,1,2,3,0
2107,3757,Volunteer,volunteer,22,7,8,3
2108,3760,Volunteer,volunteer,4,1,1,0
2109,3762,Paid developer,mozilla,24,9,13,1
2110,3764,Volunteer,volunteer,0,1,2,0
2111,3766,Volunteer,volunteer,2,0,0,0
2112,3770,Volunteer,volunteer,11,1,1,1
2113,3771,Volunteer,volunteer,2,1,0,0
2114,3772,Volunteer,volunteer,11,5,6,0
2115,3779,Volunteer,volunteer,1,1,0,0
2116,3783,Volunteer,volunteer,0,2,0,0
2117,3785,Volunteer,volunteer,3,0,0,1
2118,3786,Volunteer,volunteer,1,1,0,0
2119,3787,Volunteer,volunteer,1,0,1,3
2120,3789,Paid developer,mozilla,1,2,0,0
2121,3791,Volunteer,volunteer,2,1,2,0
2122,3792,Volunteer,volunteer,1,2,1,0
2123,3798,Volunteer,volunteer,2,0,0,0
2124,3799,Volunteer,volunteer,5,4,5,0
2125,3801,Volunteer,volunteer,2,1,1,0
2126,3803,Volunteer,volunteer,4,2,1,0
2127,3805,Volunteer,volunteer,0,0,2,0
2128,3808,Volunteer,volunteer,2,0,0,0
2129,3809,Volunteer,volunteer,0,1,1,0
2130,3810,Volunteer,volunteer,2,2,1,0
2131,3813,Volunteer,volunteer,6,2,3,1
2132,3816,Volunteer,volunteer,4,1,4,1
2133,3819,Volunteer,volunteer,10,1,0,0
2134,3820,Volunteer,volunteer,2,0,0,0
2135,3821,Volunteer,volunteer,10,7,3,0
2136,3822,Volunteer,volunteer,6,1,0,0
2137,3823,Volunteer,volunteer,2,4,3,0
2138,3827,Volunteer,volunteer,2,0,1,0
2139,3828,Volunteer,volunteer,1,1,1,0
2140,3831,Volunteer,volunteer,9,3,1,1
2141,3833,Volunteer,volunteer,0,2,1,1
2142,3837,Volunteer,volunteer,3,0,0,0
2143,3838,Volunteer,volunteer,1,1,1,0
2144,3844,Volunteer,volunteer,0,1,2,0
2145,3846,Volunteer,volunteer,1,1,0,0
2146,3849,Volunteer,volunteer,1,1,0,0
2147,3850,Volunteer,volunteer,1,2,1,0
2148,3852,Volunteer,volunteer,1,1,2,0
2149,3855,Volunteer,volunteer,3,0,1,0
2150,3856,Volunteer,volunteer,4,0,0,0
2151,3860,Volunteer,volunteer,2,1,0,0
2152,3862,Volunteer,volunteer,0,1,1,0
2153,3863,Volunteer,volunteer,0,2,3,0
2154,3864,Volunteer,volunteer,1,1,0,0
2155,3866,Volunteer,volunteer,1,0,1,0
2156,3867,Volunteer,volunteer,4,1,0,0
2157,3870,Volunteer,volunteer,4,0,2,0
2158,3871,Volunteer,volunteer,2,0,0,1
2159,3872,Volunteer,volunteer,4,0,0,0
2160,3873,Volunteer,volunteer,2,0,0,0
2161,3874,Volunteer,volunteer,0,1,1,0
2162,3876,Volunteer,volunteer,2,0,0,0
2163,3877,Volunteer,volunteer,6,2,0,0
2164,3880,Paid developer,samsung,15,4,1,0
2165,3881,Volunteer,volunteer,0,0,2,0
2166,3883,Volunteer,volunteer,0,0,2,0
2167,3884,Volunteer,volunteer,2,0,0,0
2168,3885,Volunteer,volunteer,4,3,0,0
2169,3888,Volunteer,volunteer,4,0,0,0
2170,3890,Volunteer,volunteer,4,2,0,0
2171,3891,Volunteer,volunteer,39,5,6,3
2172,3892,Volunteer,volunteer,2,0,0,0
2173,3893,Volunteer,volunteer,0,2,0,0
2174,3894,Volunteer,volunteer,1,1,0,0
2175,3895,Volunteer,volunteer,3,0,3,0
2176,3898,Volunteer,volunteer,2,0,2,0
2177,3899,Volunteer,volunteer,13,2,0,0
2178,3900,Volunteer,volunteer,3,3,1,0
2179,3901,Volunteer,volunteer,3,0,0,0
2180,3904,Volunteer,volunteer,1,0,0,1
2181,3908,Volunteer,volunteer,0,2,0,1
2182,3910,Volunteer,volunteer,1,1,0,0
2183,3911,Volunteer,volunteer,10,4,3,1
2184,3912,Volunteer,volunteer,1,1,3,0
2185,3915,Volunteer,volunteer,0,0,0,2
2186,3916,Volunteer,volunteer,6,1,2,0
2187,3917,Volunteer,volunteer,9,2,1,0
2188,3918,Volunteer,volunteer,1,1,0,0
2189,3919,Volunteer,volunteer,1,1,0,0
2190,3920,Volunteer,volunteer,10,1,2,0
2191,3921,Volunteer,volunteer,1,0,1,0
2192,3925,Volunteer,volunteer,1,2,0,1
2193,3926,Volunteer,volunteer,12,11,10,0
2194,3930,Volunteer,volunteer,0,1,0,1
2195,3931,Volunteer,volunteer,2,0,1,1
2196,3932,Volunteer,volunteer,0,1,0,2
2197,3933,Volunteer,volunteer,1,0,1,0
2198,3934,Volunteer,volunteer,0,1,1,0
2199,3935,Volunteer,volunteer,1,1,0,0
2200,3938,Volunteer,volunteer,1,0,1,0
2201,3939,Volunteer,volunteer,0,2,0,0
2202,3940,Volunteer,volunteer,28,5,22,0
2203,3941,Volunteer,volunteer,2,0,0,0
2204,3942,Volunteer,volunteer,1,1,0,0
2205,3944,Volunteer,volunteer,5,3,3,0
2206,3947,Volunteer,volunteer,6,0,1,0
2207,3949,Volunteer,volunteer,1,2,1,0
2208,3952,Volunteer,volunteer,3,5,2,0
2209,3954,Volunteer,volunteer,1,1,0,0
2210,3955,Volunteer,volunteer,4,0,0,0
2211,3957,Paid developer,samsung,1,1,3,0
2212,3958,Volunteer,volunteer,3,0,0,0
2213,3960,Volunteer,volunteer,1,0,1,0
2214,3963,Volunteer,volunteer,7,4,2,1
2215,3964,Volunteer,volunteer,11,2,1,0
2216,3966,Volunteer,volunteer,2,1,2,0
2217,3969,Volunteer,volunteer,1,1,0,0
2218,3973,Volunteer,volunteer,0,1,0,1
2219,3977,Volunteer,volunteer,0,1,1,0
2220,3978,Volunteer,volunteer,0,1,1,0
2221,3979,Paid developer,Mattet Labs,13,1,6,0
2222,3982,Volunteer,volunteer,1,0,1,0
2223,3983,Volunteer,volunteer,2,0,0,0
2224,3990,Volunteer,volunteer,3,1,0,0
2225,3991,Paid developer,mozilla,19,13,2,0
2226,3991,Volunteer,volunteer,9,1,3,0
2227,3993,Volunteer,volunteer,2,0,0,0
2228,3994,Volunteer,volunteer,18,9,6,0
2229,3995,Volunteer,volunteer,3,0,0,0
2230,4001,Volunteer,volunteer,8,6,8,0
2231,4005,Paid developer,samsung,9,2,0,0
2232,4006,Volunteer,volunteer,1,3,0,0
2233,4007,Volunteer,volunteer,0,1,1,0
2234,4008,Volunteer,volunteer,2,3,1,0
2235,4009,Volunteer,volunteer,7,0,0,0
2236,4010,Volunteer,volunteer,4,0,1,0
2237,4011,Volunteer,volunteer,0,0,3,0
2238,4012,Volunteer,volunteer,21,3,1,0
2239,4013,Volunteer,volunteer,1,0,1,0
2240,4014,Volunteer,volunteer,4,0,1,0
2241,4015,Volunteer,volunteer,2,1,1,2
2242,4016,Volunteer,volunteer,2,4,2,1
2243,4017,Volunteer,volunteer,3,3,3,0
2244,4018,Volunteer,volunteer,1,0,1,0
2245,4021,Volunteer,volunteer,11,7,9,0
2246,4023,Volunteer,volunteer,3,1,0,0
2247,4028,Volunteer,volunteer,2,1,1,0
2248,4031,Volunteer,volunteer,3,0,2,1
2249,4032,Volunteer,volunteer,0,0,2,0
2250,4033,Volunteer,volunteer,2,1,0,0
2251,4035,Paid developer,samsung,1,0,1,0
2252,4037,Volunteer,volunteer,1,0,1,0
2253,4038,Paid developer,samsung,5,2,1,0
2254,4039,Paid developer,samsung,9,0,1,0
2255,4040,Volunteer,volunteer,8,1,0,0
2256,4043,Volunteer,volunteer,2,0,0,1
2257,4044,Volunteer,volunteer,0,1,2,0
2258,4045,Volunteer,volunteer,2,0,0,0
2259,4049,Volunteer,volunteer,0,2,0,0
2260,4056,Volunteer,volunteer,23,16,4,1
2261,4059,Volunteer,volunteer,0,0,3,0
2262,4060,Volunteer,volunteer,3,1,1,0
2263,4063,Volunteer,volunteer,1,0,1,0
2264,4064,Volunteer,volunteer,1,1,0,2
2265,4065,Paid developer,mozilla,17,4,5,3
2266,4067,Volunteer,volunteer,3,0,0,0
2267,4073,Volunteer,volunteer,2,2,0,1
2268,4074,Volunteer,volunteer,4,0,2,0
2269,4076,Volunteer,volunteer,2,0,2,0
2270,4078,Volunteer,volunteer,6,6,6,0
2271,4079,Volunteer,volunteer,1,1,0,0
2272,4081,Volunteer,volunteer,2,0,0,0
2273,4084,Volunteer,volunteer,4,0,0,0
2274,4087,Volunteer,volunteer,23,13,5,1
2275,4088,Volunteer,volunteer,0,2,2,0
2276,4091,Volunteer,volunteer,2,1,0,0
2277,4093,Volunteer,volunteer,18,6,3,0
2278,4094,Volunteer,volunteer,21,3,4,0
2279,4097,Volunteer,volunteer,0,1,2,0
2280,4101,Volunteer,volunteer,1,1,1,0
2281,4104,Volunteer,volunteer,0,2,3,0
2282,4105,Volunteer,volunteer,0,1,2,0
2283,4106,Paid developer,mozilla,22,7,11,0
2284,4108,Volunteer,volunteer,3,3,1,2
2285,4110,Volunteer,volunteer,2,1,1,0
2286,4111,Volunteer,volunteer,2,3,1,0
2287,4112,Volunteer,volunteer,1,1,1,1
2288,4113,Volunteer,volunteer,6,2,1,1
2289,4114,Volunteer,volunteer,3,0,0,0
2290,4115,Volunteer,volunteer,2,2,0,0
2291,4118,Volunteer,volunteer,3,4,4,0
2292,4121,Volunteer,volunteer,7,1,2,1
2293,4123,Volunteer,volunteer,2,0,0,0
2294,4124,Volunteer,volunteer,19,18,18,1
2295,4125,Volunteer,volunteer,1,1,1,0
2296,4128,Volunteer,volunteer,1,1,1,0
2297,4129,Volunteer,volunteer,3,4,0,0
2298,4130,Volunteer,volunteer,2,1,0,0
2299,4132,Volunteer,volunteer,0,3,1,0
2300,4133,Volunteer,volunteer,5,1,6,0
2301,4136,Volunteer,volunteer,17,26,9,0
2302,4138,Volunteer,volunteer,1,1,0,0
2303,4140,Paid developer,mozilla,9,8,1,6
2304,4144,Volunteer,volunteer,9,3,4,0
2305,4145,Volunteer,volunteer,3,3,0,0
2306,4150,Paid developer,mozilla,3,2,1,0
2307,4152,Volunteer,volunteer,3,3,1,0
2308,4154,Volunteer,volunteer,15,7,9,0
2309,4155,Volunteer,volunteer,2,1,0,0
2310,4156,Volunteer,volunteer,2,0,0,0
2311,4159,Volunteer,volunteer,3,0,0,1
2312,4161,Volunteer,volunteer,1,2,0,0
2313,4163,Volunteer,volunteer,1,0,2,0
