,id,status,is_paid,num_cmt,1st_loc,1st_task
0,1,1,0,6,51.5,features
1,2,0,0,1,2.0,features
2,3,1,0,6,27.5,perfective
3,4,1,0,1,16.0,corrective
4,5,1,0,3,2.0,corrective
5,6,1,0,1,2.0,corrective
6,9,1,1,10,54.0,features
7,13,1,0,2,13.0,perfective
8,14,1,0,1,39.0,corrective
9,25,1,1,2,2.5,perfective
10,27,1,1,3,56.0,corrective
11,28,0,0,1,2.0,corrective
12,29,1,1,4,18.5,features
13,32,1,0,4,35.5,corrective
14,35,1,1,2,32.0,corrective
15,39,1,0,5,2.0,perfective
16,40,1,0,10,28.0,perfective
17,41,0,1,37,19.0,perfective
18,44,1,1,25,27.0,perfective
19,51,1,1,17,20.0,perfective
20,62,0,1,3,2.0,perfective
21,63,1,0,7,20.0,perfective
22,64,1,1,261,11.0,perfective
23,69,1,1,6,18.5,features
24,70,1,0,4,31.0,corrective
25,72,1,0,1,4.0,perfective
26,78,0,0,8,27.5,features
27,80,1,0,2,33.0,perfective
28,82,0,0,1,21.0,features
29,83,1,1,3,15.0,perfective
30,95,0,1,1,43.0,perfective
31,99,0,0,1,16.0,corrective
32,102,1,1,7,26.0,perfective
33,108,0,0,3,20.0,perfective
34,110,0,0,11,14.0,perfective
35,111,1,0,1,2.0,corrective
36,121,1,0,2,2.5,corrective
37,123,0,0,1,4.0,nonfunctional
38,125,0,0,1,2.0,corrective
39,127,1,0,5,24.0,perfective
40,131,1,0,11,10.0,perfective
41,133,0,0,1,6.0,perfective
42,134,1,1,5,52.0,features
43,141,0,0,4,16.5,perfective
44,150,1,0,9,6.0,perfective
45,153,1,0,1,24.0,perfective
46,154,0,0,1,2.0,perfective
47,155,1,0,54,34.5,perfective
48,160,1,1,93,21.0,perfective
49,161,0,0,3,14.0,perfective
50,162,0,0,3,11.0,corrective
51,168,1,0,1,4.0,nonfunctional
52,170,0,0,1,57.0,features
53,173,1,1,2,2.0,perfective
54,174,0,0,1,4.0,corrective
55,180,1,0,31,53.0,perfective
56,184,1,1,10,19.0,perfective
57,186,1,0,1,10.0,corrective
58,189,0,0,2,22.0,features
59,193,1,1,14,14.0,perfective
60,194,0,1,2,27.0,perfective
61,197,1,0,12,8.5,perfective
62,36,1,0,1,6.0,features
63,206,1,0,3,0.0,perfective
64,207,0,0,4,35.5,perfective
65,208,0,1,1,8.0,features
66,210,1,1,4,30.0,perfective
67,215,0,0,1,4.0,perfective
68,217,0,0,13,14.0,corrective
69,219,0,0,12,3.0,perfective
70,226,0,0,6,35.5,perfective
71,232,0,0,8,13.5,features
72,233,0,0,8,6.0,perfective
73,236,1,1,14,22.0,perfective
74,240,1,1,11,17.0,corrective
75,250,0,0,1,2.0,perfective
76,253,0,0,4,7.5,perfective
77,257,0,1,4,3.0,features
78,259,1,0,1,124.0,perfective
79,268,0,0,3,16.0,perfective
80,269,0,1,1,5.0,corrective
81,276,0,0,3,10.0,perfective
82,278,0,0,1,9.0,corrective
83,279,1,0,3,29.0,perfective
84,281,1,1,16,36.0,features
85,290,1,0,12,21.0,perfective
86,296,0,0,1,56.0,perfective
87,303,0,0,1,84.0,features
88,311,1,0,2,22.0,perfective
89,323,0,1,39,12.0,features
90,324,1,0,4,12.0,corrective
91,330,0,0,3,14.0,perfective
92,340,0,0,2,1.5,perfective
93,347,0,0,2,32.0,perfective
94,348,0,0,1,2.0,perfective
95,355,0,0,1,2.0,perfective
96,361,0,0,12,31.5,perfective
97,364,1,1,6,3.0,corrective
98,370,0,0,16,7.0,perfective
99,371,0,0,1,2.0,perfective
100,372,0,0,1,51.0,features
101,383,1,0,4,3.0,perfective
102,396,0,0,5,4.0,corrective
103,404,0,0,2,44.0,perfective
104,405,1,0,7,18.0,perfective
105,412,0,0,2,27.5,corrective
106,420,1,0,8,29.0,perfective
107,422,0,1,5,21.0,corrective
108,431,0,0,1,2.0,perfective
109,435,0,1,1,6.0,corrective
110,441,0,0,5,10.0,features
111,443,0,0,1,2.0,features
112,447,0,0,3,34.0,perfective
113,452,1,0,1,49.0,perfective
114,459,0,1,1,8.0,nonfunctional
115,464,0,0,1,19.0,features
116,472,0,0,1,9.0,corrective
117,475,1,0,5,50.0,perfective
118,487,0,0,3,40.0,corrective
119,488,0,0,4,25.0,corrective
120,495,0,0,1,90.0,features
121,501,0,0,1,17.0,features
122,511,1,0,31,28.0,features
123,517,0,0,2,19.5,features
124,521,0,0,5,28.0,perfective
125,523,0,0,1,6.0,nonfunctional
126,535,0,0,1,3.0,features
127,545,0,0,2,2.0,corrective
128,548,1,1,14,22.5,perfective
129,549,1,0,7,49.0,perfective
130,554,0,0,26,65.0,perfective
131,556,0,0,1,16.0,perfective
132,560,0,0,1,3.0,features
133,565,1,0,5,35.0,perfective
134,566,0,0,2,9.0,perfective
135,571,0,0,5,20.0,perfective
136,574,0,0,1,30.0,features
137,584,0,0,1,23.0,perfective
138,594,0,0,5,12.0,perfective
139,595,0,0,2,2.0,corrective
140,601,0,0,2,10.5,perfective
141,602,0,0,2,1.5,perfective
142,616,0,0,3,8.0,perfective
143,620,1,1,12,5.5,perfective
144,623,0,0,1,8.0,corrective
145,624,0,1,1,45.0,perfective
146,625,0,0,8,8.0,corrective
147,626,1,1,1,8.0,perfective
148,638,1,0,14,10.0,perfective
149,639,1,1,2,24.0,perfective
150,641,0,0,1,119.0,corrective
151,646,0,0,1,36.0,perfective
152,650,0,0,3,50.0,features
153,655,0,0,4,42.5,perfective
154,658,0,0,5,2.0,perfective
155,661,0,0,2,8.0,corrective
156,665,0,0,1,5.0,features
157,669,0,0,10,23.0,perfective
158,672,1,0,39,10.0,perfective
159,677,0,0,1,13.0,corrective
160,680,0,1,5,21.0,features
161,683,0,0,2,8.0,corrective
162,693,0,0,14,9.5,corrective
163,701,1,0,1,32.0,features
164,704,0,0,1,216.0,perfective
165,708,0,0,1,47.0,perfective
166,709,0,0,1,4.0,perfective
167,724,1,0,1,4.0,features
168,725,0,0,2,18.5,perfective
169,728,1,0,3,5.0,corrective
170,561,0,0,1,4.0,nonfunctional
171,742,0,0,1,15.0,features
172,750,0,0,4,49.5,perfective
173,609,0,0,1,40.0,perfective
174,757,0,0,1,2.0,corrective
175,762,0,0,6,6.5,corrective
176,763,0,0,2,19.0,corrective
177,764,0,0,3,10.0,perfective
178,769,0,1,1,43.0,features
179,773,0,0,9,9.0,perfective
180,783,0,0,1,6.0,corrective
181,785,0,0,4,10.0,perfective
182,793,0,1,2,70.5,perfective
183,795,1,0,10,33.0,features
184,799,0,0,5,7.0,perfective
185,805,1,0,1,56.0,perfective
186,812,0,0,1,14.0,features
187,816,0,0,1,11.0,corrective
188,823,0,0,1,35.0,perfective
189,829,0,0,1,27.0,features
190,833,0,0,1,9.0,perfective
191,844,0,0,3,37.0,perfective
192,856,0,0,4,12.0,perfective
193,862,0,0,2,4.0,corrective
194,868,0,0,3,2.0,perfective
195,869,0,0,1,16.0,perfective
196,871,0,0,1,9.0,perfective
197,873,0,0,3,6.0,features
198,874,0,0,12,8.0,perfective
199,881,0,0,3,36.0,corrective
200,886,0,0,6,3.0,perfective
201,892,0,0,1,51.0,features
202,893,0,0,8,14.5,perfective
203,894,0,0,10,5.0,perfective
204,895,0,0,7,18.0,perfective
205,896,0,0,4,20.0,perfective
206,897,0,0,1,43.0,features
207,899,0,0,1,2.0,perfective
208,900,0,0,11,9.0,perfective
209,917,1,0,8,21.0,perfective
210,921,1,0,4,26.5,perfective
211,925,0,0,3,6.0,perfective
212,933,1,0,1,2.0,perfective
213,935,0,0,1,10.0,features
214,938,0,0,1,9.0,corrective
215,944,0,0,3,55.0,perfective
216,945,0,0,1,4.0,features
217,947,0,0,5,65.0,perfective
218,948,0,0,7,44.0,perfective
219,949,0,0,1,4.0,nonfunctional
220,953,0,0,1,24.0,perfective
221,957,0,0,5,56.0,perfective
222,958,0,0,1,2.0,corrective
223,959,0,0,1,12.0,features
224,961,1,0,14,4.0,nonfunctional
225,966,0,0,2,6.5,features
226,982,0,0,1,2.0,perfective
227,999,0,0,1,30.0,features
228,1012,0,0,5,33.0,corrective
229,1017,0,0,3,8.0,corrective
230,1020,0,1,2,27.0,perfective
231,1021,0,0,4,13.0,perfective
232,1027,0,0,1,4.0,perfective
233,1033,0,0,2,2.0,perfective
234,1044,0,0,5,25.0,perfective
235,1055,1,0,1,41.0,features
236,1058,0,0,1,25.0,features
237,1061,0,0,1,6.0,corrective
238,1064,0,0,3,32.0,features
239,1067,1,0,3,4.0,perfective
240,1069,0,0,2,29.5,perfective
241,1071,0,1,7,36.0,perfective
242,1073,0,0,4,56.5,perfective
243,1079,0,0,1,45.0,corrective
244,1091,0,0,1,7.0,features
245,1092,0,0,9,4.0,perfective
246,1093,0,0,1,8.0,perfective
247,1097,0,0,1,3.0,features
248,1111,0,0,4,16.5,corrective
249,1112,0,0,2,23.0,corrective
250,1113,0,0,5,8.0,features
251,1114,0,0,2,24.5,corrective
252,1115,0,0,1,8.0,features
253,1121,0,0,5,40.0,perfective
254,1122,0,0,5,36.0,perfective
255,1124,0,0,12,3.5,perfective
256,1134,0,0,4,33.0,corrective
257,1140,0,0,3,2.0,perfective
258,1144,0,0,1,4.0,nonfunctional
259,1155,0,0,1,6.0,corrective
260,1157,0,0,5,18.0,perfective
261,1165,1,0,3,20.0,features
262,1167,0,0,1,62.0,features
263,1171,0,0,1,2.0,corrective
264,1174,0,0,10,14.0,corrective
265,1180,1,0,7,5.0,nonfunctional
266,1197,0,1,1,46.0,features
267,1198,0,0,6,7.5,perfective
268,1200,0,0,5,77.0,features
269,1202,0,0,3,4.0,features
270,1203,0,0,1,40.0,features
271,1207,0,0,5,8.0,corrective
272,1208,0,0,3,49.0,perfective
273,1209,0,0,3,66.0,perfective
274,1210,0,0,1,2.0,perfective
275,1215,0,0,6,6.0,perfective
276,1226,0,0,20,7.5,perfective
277,1232,1,0,4,10.0,features
278,1235,0,0,2,44.0,perfective
279,1245,0,0,1,4.0,corrective
280,1250,0,0,2,2.0,perfective
281,1251,0,0,1,4.0,nonfunctional
282,1252,0,0,1,4.0,features
283,1254,0,0,3,2.0,features
284,1255,1,0,1,10.0,perfective
285,1256,0,0,64,24.5,perfective
286,1269,0,0,1,104.0,perfective
287,1274,0,0,4,51.0,perfective
288,1275,0,0,1,4.0,perfective
289,1291,0,0,1,6.0,perfective
290,1295,0,0,9,26.0,perfective
291,1298,0,0,2,25.0,features
292,1308,0,0,1,4.0,perfective
293,1317,0,0,2,13.0,corrective
294,1321,0,0,1,2.0,corrective
295,1326,0,0,3,34.0,perfective
296,1329,0,0,1,26.0,features
297,1330,0,0,5,6.0,corrective
298,1332,1,0,6,28.5,features
299,1335,0,0,55,1.0,features
300,1337,0,0,1,45.0,perfective
301,1348,0,0,3,12.0,corrective
302,1352,0,1,5,24.0,perfective
303,1353,0,0,1,1.0,features
304,1355,1,1,1,8.0,features
305,1359,0,0,1,2.0,corrective
306,1361,0,0,1,25.0,corrective
307,1366,0,0,1,5.0,features
308,1367,0,0,11,6.0,perfective
309,1380,0,0,7,2.0,corrective
310,1381,1,1,1,2.0,perfective
311,1387,0,0,5,5.0,corrective
312,1391,1,0,4,2.0,perfective
313,1396,0,0,3,52.0,perfective
314,1399,0,0,1,8.0,nonfunctional
315,1403,1,0,2,83.0,perfective
316,1404,0,0,2,2.0,corrective
317,1408,0,0,3,65.0,perfective
318,1411,0,0,11,26.0,perfective
319,1416,1,0,6,25.5,perfective
320,1418,0,0,3,19.0,perfective
321,1423,0,0,1,29.0,corrective
322,1426,0,0,1,2.0,perfective
323,1435,0,0,11,58.0,perfective
324,1436,0,0,1,21.0,features
325,1441,1,1,23,13.0,perfective
326,1442,0,0,1,5.0,features
327,1449,0,0,1,4.0,perfective
328,1453,1,0,1,3.0,features
329,1454,0,0,1,2.0,perfective
330,1468,0,0,1,71.0,perfective
331,1469,0,0,2,4.0,corrective
332,1471,0,0,10,37.0,perfective
333,1478,0,0,10,11.0,perfective
334,1480,0,0,18,11.0,corrective
335,1495,0,0,2,5.0,perfective
336,1496,0,0,2,48.0,corrective
337,1497,0,0,13,24.0,perfective
338,1498,0,0,1,28.0,perfective
339,1499,0,0,10,12.5,perfective
340,1500,0,0,4,34.0,perfective
341,1504,0,0,20,54.5,perfective
342,1509,0,0,1,3.0,perfective
343,1517,0,0,6,8.5,perfective
344,1525,0,0,1,3.0,perfective
345,1534,0,0,2,2.0,perfective
346,1542,0,0,4,34.0,corrective
347,1543,1,0,2,25.5,perfective
348,1545,0,0,1,2.0,perfective
349,1550,0,0,5,38.0,perfective
350,1552,0,0,14,27.5,perfective
351,1566,1,0,3,6.0,corrective
352,1567,0,0,1,35.0,perfective
353,1569,0,0,1,2.0,nonfunctional
354,1577,0,0,1,25.0,perfective
355,1579,0,0,1,2.0,perfective
356,1581,0,0,1,1.0,nonfunctional
357,1586,0,0,1,2.0,perfective
358,1592,0,0,1,2.0,features
359,1599,0,0,1,8.0,perfective
360,1603,0,0,25,21.0,perfective
361,1608,0,0,4,14.0,features
362,1610,1,1,4,29.5,corrective
363,1613,0,0,1,2.0,perfective
364,1620,0,1,3,18.0,perfective
365,1622,0,0,6,26.0,perfective
366,1629,0,0,4,29.0,perfective
367,1635,0,0,1,78.0,perfective
368,1640,0,0,11,30.0,perfective
369,1641,0,0,1,28.0,features
370,1645,0,0,1,66.0,features
371,1651,0,0,1,33.0,perfective
372,1653,0,0,1,4.0,perfective
373,1654,0,0,5,19.0,corrective
374,1656,1,0,2,29.5,nonfunctional
375,1657,0,0,1,25.0,corrective
376,1658,0,0,1,20.0,features
377,1661,0,0,6,40.5,corrective
378,1665,0,0,2,5.0,perfective
379,1670,0,0,10,4.0,perfective
380,1671,0,0,2,12.0,perfective
381,1673,0,0,3,47.0,perfective
382,1679,0,0,2,92.5,perfective
383,1681,0,0,2,24.5,perfective
384,1686,0,0,4,21.5,features
385,1689,0,0,6,3.0,perfective
386,1693,0,0,8,9.0,corrective
387,1695,0,0,3,57.0,features
388,1702,0,0,1,2.0,corrective
389,1703,0,0,1,51.0,perfective
390,1706,0,0,20,7.0,perfective
391,1713,1,0,1,11.0,perfective
392,1716,0,0,1,6.0,features
393,1718,0,0,1,2.0,perfective
394,1720,0,0,4,8.0,features
395,1722,0,0,5,40.0,perfective
396,1724,0,0,3,55.0,corrective
397,1727,0,0,1,2.0,perfective
398,1731,0,0,1,14.0,perfective
399,1732,0,0,1,85.0,perfective
400,1736,0,0,5,17.0,features
401,1738,0,0,2,4.0,corrective
402,1741,0,0,2,2.0,perfective
403,1743,0,0,14,21.0,perfective
404,1744,0,0,14,18.0,perfective
405,1746,0,0,3,6.0,features
406,1751,0,0,8,28.0,perfective
407,1758,0,0,1,18.0,perfective
408,1759,0,0,17,33.0,perfective
409,1761,0,0,1,2.0,corrective
410,1765,0,0,2,4.0,corrective
411,1769,0,0,4,8.5,corrective
412,1772,0,0,1,109.0,corrective
413,1773,0,0,6,52.0,corrective
414,1774,0,0,3,7.0,perfective
415,1781,0,0,1,2.0,corrective
416,1786,0,0,2,11.5,corrective
417,1787,1,0,42,44.0,perfective
418,1792,0,0,1,2.0,perfective
419,1796,0,0,1,2.0,perfective
420,1799,0,0,1,2.0,features
421,1804,0,0,4,31.5,features
422,1808,0,0,1,49.0,features
423,1813,0,0,1,2.0,perfective
424,1814,0,0,6,75.0,perfective
425,1816,0,1,5,34.0,perfective
426,1821,0,0,1,13.0,features
427,1824,0,0,1,49.0,corrective
428,1827,0,0,1,6.0,perfective
429,1831,0,1,1,2.0,perfective
430,1833,0,0,10,41.0,perfective
431,1834,0,0,2,5.5,perfective
432,1837,0,0,2,23.0,perfective
433,1838,0,0,1,2.0,perfective
434,1839,0,0,2,27.0,corrective
435,1847,1,1,2,35.0,perfective
436,1855,0,0,1,16.0,nonfunctional
437,1856,0,0,2,17.0,perfective
438,1862,0,1,1,24.0,corrective
439,1864,0,0,6,9.0,perfective
440,1865,0,0,3,5.0,corrective
441,1866,0,0,4,3.5,perfective
442,1868,0,0,2,4.0,corrective
443,1871,0,1,25,6.0,perfective
444,1872,0,0,2,31.0,perfective
445,1873,0,1,1,92.0,features
446,1874,0,0,2,17.5,perfective
447,1877,0,0,1,4.0,perfective
448,1878,0,0,1,4.0,perfective
449,1879,0,0,1,45.0,features
450,1880,0,0,1,8.0,perfective
451,1881,0,0,3,5.0,perfective
452,1882,0,0,1,4.0,corrective
453,1883,0,0,1,1.0,nonfunctional
454,1885,0,0,1,2.0,corrective
455,1886,0,0,4,13.5,perfective
456,1887,0,0,1,6.0,features
457,1888,0,0,1,2.0,perfective
458,1889,0,0,1,51.0,corrective
459,1890,0,0,3,10.0,features
460,1891,0,0,1,2.0,perfective
461,1893,0,0,1,2.0,perfective
462,1894,0,0,1,4.0,nonfunctional
463,1895,0,0,1,3.0,nonfunctional
464,1896,0,0,1,36.0,perfective
465,1897,0,0,1,10.0,corrective
466,1898,0,0,12,12.0,perfective
467,1899,0,0,3,7.0,corrective
468,1900,0,0,3,102.0,perfective
469,1901,0,0,5,7.0,perfective
470,1902,0,0,11,6.0,perfective
471,1903,0,0,1,4.0,perfective
472,1904,0,0,1,2.0,perfective
473,1905,0,0,1,5.0,nonfunctional
474,1906,0,0,5,40.0,corrective
475,1907,0,0,1,36.0,perfective
476,1908,0,0,7,24.0,perfective
477,1909,0,0,1,2.0,corrective
478,1911,0,0,7,61.0,perfective
479,1912,0,0,3,27.0,corrective
480,1913,0,0,2,2.0,perfective
481,1914,0,0,3,26.0,perfective
482,1915,0,0,1,37.0,features
483,1916,0,0,2,10.0,corrective
484,1918,0,0,1,46.0,perfective
485,1919,0,1,2,9.5,nonfunctional
486,1920,0,0,8,28.5,perfective
487,1921,1,0,6,42.0,perfective
488,1922,0,0,3,5.0,perfective
489,1923,0,0,2,9.0,perfective
490,1924,0,0,1,136.0,perfective
491,1926,0,0,8,6.0,corrective
492,1927,1,0,6,2.0,corrective
493,1928,0,0,1,3.0,features
494,1929,0,0,1,1.0,perfective
495,1930,0,0,7,41.0,perfective
496,1931,0,0,7,16.0,corrective
497,1932,0,0,4,34.0,features
498,1933,0,0,1,58.0,perfective
499,1934,0,0,2,7.5,perfective
500,1935,0,0,1,16.0,corrective
501,1936,0,0,1,2.0,perfective
502,1937,0,0,1,4.0,corrective
503,1938,0,0,12,7.0,perfective
504,1939,0,1,4,23.0,corrective
505,1940,0,0,1,51.0,features
506,1941,0,0,3,40.0,corrective
507,1942,0,0,1,2.0,features
508,1943,0,0,1,435.0,corrective
509,1944,0,0,1,2.0,features
510,1945,0,0,1,1.0,perfective
511,1947,0,0,25,17.0,perfective
512,1948,0,0,1,4.0,perfective
513,1949,0,0,2,3.0,perfective
514,1950,0,0,3,5.0,corrective
515,1951,0,0,4,31.5,perfective
516,1952,0,0,14,34.5,perfective
517,1953,0,0,1,1.0,features
518,1954,0,0,1,2.0,nonfunctional
519,1955,0,0,3,28.0,perfective
520,1956,0,0,1,2.0,features
521,1957,0,0,6,28.5,perfective
522,1958,0,0,1,29.0,perfective
523,1959,0,0,1,2.0,perfective
524,1960,0,0,1,2.0,corrective
525,1961,0,0,1,47.0,perfective
526,1963,0,0,9,126.0,perfective
527,1964,0,0,2,5.5,nonfunctional
528,1965,0,0,2,5.0,corrective
529,1966,0,0,4,10.0,features
530,1967,0,0,3,14.0,perfective
531,1968,0,0,8,15.5,perfective
532,1969,0,0,1,8.0,perfective
533,1970,0,0,1,29.0,features
534,1972,0,0,1,44.0,perfective
535,1973,0,0,16,24.5,corrective
536,1974,0,0,5,43.0,features
537,1975,0,0,2,59.5,perfective
538,1976,0,0,1,2.0,perfective
539,1977,0,0,1,2.0,nonfunctional
540,1979,0,0,1,2.0,nonfunctional
541,1980,0,0,2,39.5,perfective
542,1981,0,0,1,2.0,perfective
543,1982,0,0,1,2.0,features
544,1983,0,0,1,4.0,nonfunctional
545,1829,0,0,6,30.0,features
546,1984,0,0,1,26.0,nonfunctional
547,1985,0,0,2,63.0,corrective
548,1986,0,0,1,6.0,perfective
549,1987,0,0,4,41.0,perfective
550,1988,0,0,3,26.0,perfective
551,1989,0,0,1,2.0,perfective
552,1990,0,0,2,25.0,perfective
553,1991,0,0,5,4.0,perfective
554,1992,0,0,1,8.0,perfective
555,1993,0,0,1,5.0,corrective
556,1994,0,0,1,22.0,corrective
557,1995,0,0,3,10.0,corrective
558,1996,0,0,1,4.0,corrective
559,1997,0,0,2,42.5,perfective
560,1998,0,1,3,4.0,perfective
561,1999,0,1,1,50.0,perfective
562,2000,0,0,1,37.0,perfective
563,2001,0,0,8,18.0,features
564,2002,0,0,1,59.0,perfective
565,2003,0,0,1,8.0,perfective
566,2004,0,0,5,7.0,corrective
567,2005,0,0,1,4.0,perfective
568,2006,0,1,1,2.0,nonfunctional
569,2007,0,0,4,43.0,perfective
570,2008,0,0,4,25.5,perfective
571,2009,0,0,1,7.0,perfective
572,2010,0,0,7,9.0,features
573,2011,0,0,7,16.0,perfective
574,2012,0,0,4,7.5,perfective
575,2013,0,0,2,7.5,corrective
576,2014,0,0,12,35.5,perfective
577,2015,0,0,24,25.5,perfective
578,2016,0,1,3,2.0,perfective
579,2017,0,0,3,32.0,perfective
580,2018,0,0,3,8.0,features
581,2019,0,0,2,29.5,corrective
582,2020,0,0,5,21.0,perfective
583,2021,0,0,12,13.5,perfective
584,2022,0,0,2,2.0,perfective
585,2023,0,0,1,2.0,perfective
586,2024,0,0,4,30.5,corrective
587,2025,0,0,1,42.0,corrective
588,2026,0,0,1,2.0,perfective
589,2027,0,0,1,36.0,perfective
590,2028,0,0,1,95.0,features
591,2029,0,0,3,44.0,corrective
592,2031,0,0,3,71.0,perfective
593,2032,0,0,5,4.0,perfective
594,2033,0,0,4,37.0,perfective
595,2034,0,0,2,33.0,perfective
596,2035,0,1,1,4.0,corrective
597,2036,0,0,2,12.5,corrective
598,2037,0,0,1,46.0,features
599,2038,0,1,1,14.0,corrective
600,2039,0,0,17,30.0,perfective
601,2040,0,0,4,15.0,perfective
602,2041,0,0,3,7.0,perfective
603,2042,0,0,2,8.0,perfective
604,2043,0,0,1,103.0,perfective
605,2044,0,0,1,9.0,corrective
606,2045,0,0,1,2.0,features
607,2046,0,0,2,40.0,features
608,2048,0,0,6,2.5,perfective
609,2049,0,0,1,30.0,perfective
610,2050,0,0,2,35.5,corrective
611,2051,0,0,1,2.0,perfective
612,2052,0,0,1,2.0,corrective
613,2053,0,0,3,4.0,perfective
614,2054,0,0,3,5.0,features
615,2055,0,0,4,14.0,corrective
616,2056,0,0,2,33.5,perfective
617,2057,0,1,1,67.0,corrective
618,2058,0,1,1,49.0,corrective
619,2059,0,0,2,50.0,perfective
620,2060,0,0,1,6.0,perfective
621,2061,0,0,1,4.0,features
622,2062,0,0,5,34.0,corrective
623,2063,0,0,3,2.0,perfective
624,2064,0,0,2,17.5,perfective
625,2065,0,0,3,21.0,perfective
626,2066,0,0,1,2.0,nonfunctional
627,2067,0,0,1,17.0,nonfunctional
628,2068,0,1,62,19.0,perfective
629,2069,0,0,1,10.0,perfective
630,2070,0,0,1,6.0,features
631,2071,0,0,1,2.0,features
632,2072,0,0,1,8.0,features
633,2074,0,0,1,6.0,corrective
634,2075,0,0,2,9.0,perfective
635,2076,0,0,1,8.0,features
636,2077,0,0,1,40.0,perfective
637,2078,0,0,1,3.0,features
638,2079,0,0,1,2.0,corrective
639,2080,0,0,3,41.0,nonfunctional
640,2081,0,0,1,4.0,perfective
641,2082,0,0,1,2.0,nonfunctional
642,2083,0,0,1,25.0,features
643,2084,0,0,2,6.0,corrective
644,2085,0,0,1,8.0,corrective
645,2086,0,0,2,5.0,corrective
646,2087,0,0,1,18.0,perfective
647,2089,1,0,5,28.0,perfective
648,2090,0,1,3,28.0,features
649,2093,0,0,1,2.0,perfective
650,2094,0,0,1,22.0,perfective
651,2095,0,0,1,36.0,nonfunctional
652,2096,0,0,1,93.0,corrective
653,2097,0,0,3,22.0,perfective
654,2098,0,0,2,29.5,perfective
655,2099,0,0,2,6.0,perfective
656,2101,0,1,2,7.5,perfective
657,2102,0,1,15,4.0,features
658,1978,0,0,2,5.0,perfective
659,2103,0,0,1,5.0,perfective
660,2104,0,0,1,2.0,perfective
661,2105,0,0,7,51.0,corrective
662,2106,0,0,1,17.0,features
663,2107,0,0,1,13.0,corrective
664,2108,0,0,1,6.0,perfective
665,2109,0,0,1,48.0,features
666,2110,0,0,2,28.0,corrective
667,2111,0,0,1,51.0,perfective
668,2112,0,0,4,4.0,features
669,2114,0,0,2,66.5,perfective
670,2116,0,0,2,9.0,nonfunctional
671,2117,0,0,1,31.0,corrective
672,2118,0,0,10,11.5,perfective
673,2119,0,0,4,48.0,corrective
674,2120,0,0,1,14.0,corrective
675,2121,0,0,11,12.0,perfective
676,2122,0,0,1,2.0,nonfunctional
677,2123,0,0,2,19.0,perfective
678,2124,0,0,1,2.0,perfective
679,2125,0,0,1,16.0,nonfunctional
680,2126,0,0,1,22.0,corrective
681,2127,0,0,2,3.0,corrective
682,2128,0,0,4,23.5,perfective
683,2129,0,0,3,12.0,perfective
684,2130,0,0,1,10.0,perfective
685,2131,0,0,1,57.0,features
686,2132,0,0,8,25.0,perfective
687,2134,0,0,1,1.0,perfective
688,2135,0,0,2,22.5,perfective
689,2136,0,0,12,30.0,corrective
690,2137,0,0,2,6.0,perfective
691,2138,0,0,1,2.0,perfective
692,2139,0,0,1,5.0,perfective
693,2140,0,0,1,31.0,perfective
694,2141,0,0,3,23.0,features
695,2142,0,0,1,7.0,perfective
696,2144,0,0,2,24.5,perfective
697,2145,0,0,11,48.0,corrective
698,2146,0,0,1,10.0,perfective
699,2147,0,0,1,2.0,corrective
700,2148,0,0,1,6.0,perfective
701,2149,0,0,12,41.0,perfective
702,2150,0,0,1,2.0,perfective
703,2151,0,0,1,16.0,corrective
704,2152,0,0,1,4.0,corrective
705,2153,0,0,2,2.0,corrective
706,2154,0,0,1,2.0,corrective
707,2156,0,0,2,1.0,features
708,2157,0,0,8,31.5,perfective
709,2158,0,0,2,7.5,perfective
710,1677,0,0,1,15.0,features
711,2159,0,0,6,20.0,perfective
712,2160,0,0,2,18.5,corrective
713,2161,0,0,1,118.0,corrective
714,2162,0,0,1,4.0,perfective
715,2163,0,0,22,24.5,corrective
716,2164,0,0,1,36.0,corrective
717,2166,0,0,2,27.0,perfective
718,2167,0,0,2,33.0,features
719,2168,0,0,5,35.0,perfective
720,2169,0,0,2,24.5,corrective
721,2170,0,0,1,4.0,perfective
722,2171,0,0,2,21.5,corrective
723,2172,0,0,13,35.0,corrective
724,2173,0,0,1,2.0,nonfunctional
725,2175,0,0,3,2.0,features
726,2176,0,0,1,52.0,features
727,2177,0,0,1,65.0,perfective
728,2178,0,0,7,39.0,perfective
729,2179,0,0,3,8.0,perfective
730,2180,0,0,1,75.0,nonfunctional
731,2181,0,0,1,2.0,corrective
732,2182,0,1,1,2.0,perfective
733,2183,0,0,1,38.0,corrective
734,2184,0,0,1,13.0,perfective
735,2185,0,0,1,3.0,corrective
736,2186,0,0,1,7.0,perfective
737,2187,0,1,1,2.0,corrective
738,2188,0,0,3,19.0,perfective
739,2189,0,0,11,6.0,perfective
740,2191,0,0,1,88.0,corrective
741,2192,0,0,1,42.0,corrective
742,2193,0,0,4,37.5,features
743,2194,0,0,2,14.0,corrective
744,2195,0,0,2,20.0,perfective
745,2196,0,0,1,12.0,corrective
746,2197,0,0,2,41.5,corrective
747,2198,0,0,1,2.0,perfective
748,2200,0,0,1,5.0,corrective
749,2201,0,0,3,6.0,corrective
750,2202,0,1,2,60.5,corrective
751,2203,0,1,6,2.0,perfective
752,2204,0,0,3,26.0,perfective
753,2205,0,0,4,25.0,nonfunctional
754,2206,0,0,1,2.0,perfective
755,2207,0,0,3,24.0,perfective
756,2208,0,0,1,10.0,nonfunctional
757,2209,0,0,1,4.0,perfective
758,2210,0,0,5,12.0,corrective
759,2211,0,0,1,12.0,perfective
760,2212,0,0,21,2.0,corrective
761,2213,0,0,7,10.0,features
762,2214,0,0,1,18.0,perfective
763,2215,0,0,2,4.5,perfective
764,2216,0,0,1,14.0,perfective
765,2217,0,0,1,70.0,perfective
766,2218,0,0,2,34.0,perfective
767,2219,0,0,1,9.0,corrective
768,2220,0,0,9,4.0,perfective
769,2221,1,0,1,50.0,corrective
770,2222,0,0,1,35.0,corrective
771,2224,0,0,2,24.5,perfective
772,2225,0,0,2,4.0,features
773,2226,0,0,4,26.0,perfective
774,2227,0,0,4,33.5,nonfunctional
775,2228,0,0,15,34.0,perfective
776,2229,0,1,3,4.0,corrective
777,2230,0,0,1,20.0,corrective
778,2232,0,0,1,8.0,corrective
779,2233,0,0,7,38.0,corrective
780,2234,0,0,5,6.0,corrective
781,2235,0,0,2,6.0,perfective
782,2238,0,0,1,26.0,corrective
783,2239,0,1,9,8.0,perfective
784,2240,0,0,1,2.0,nonfunctional
785,2241,1,0,12,39.5,perfective
786,2242,0,0,1,2.0,perfective
787,2243,0,0,1,2.0,features
788,2244,0,0,2,2.5,perfective
789,2245,0,0,1,8.0,perfective
790,2246,0,0,1,2.0,perfective
791,2247,0,0,1,28.0,corrective
792,2248,0,1,1,2.0,nonfunctional
793,2249,0,0,2,4.5,corrective
794,2250,0,0,2,12.5,corrective
795,2251,0,0,8,4.0,perfective
796,2252,0,0,3,3.0,features
797,2253,0,0,2,49.0,corrective
798,2254,0,0,1,18.0,perfective
799,2255,1,0,1,56.0,perfective
800,2256,0,0,1,52.0,perfective
801,2258,0,0,1,9.0,perfective
802,2259,0,0,6,12.5,perfective
803,2260,0,0,1,4.0,perfective
804,2261,0,0,2,72.0,perfective
805,2262,0,0,1,2.0,corrective
806,2263,0,0,5,38.0,corrective
807,2264,0,0,1,59.0,features
808,2265,0,0,1,2.0,perfective
809,2266,0,0,4,11.5,perfective
810,2267,0,0,3,47.0,perfective
811,2268,0,0,1,8.0,perfective
812,2270,0,0,36,9.5,corrective
813,2271,0,0,2,16.5,perfective
814,2272,0,1,1,2.0,features
815,2273,0,0,3,48.0,perfective
816,2274,0,0,1,55.0,perfective
817,2275,0,0,1,8.0,nonfunctional
818,2277,0,0,1,2.0,corrective
819,2278,0,0,1,12.0,perfective
820,2276,0,0,1,15.0,nonfunctional
821,2279,0,0,2,24.5,perfective
822,2280,0,0,1,4.0,nonfunctional
823,2281,0,0,1,22.0,corrective
824,2282,0,0,1,16.0,perfective
825,2283,0,0,1,6.0,perfective
826,2284,0,1,2,5.0,perfective
827,2285,0,0,3,39.0,corrective
828,2286,0,0,13,37.0,perfective
829,2288,0,0,1,4.0,perfective
830,2289,0,0,3,2.0,perfective
831,2290,0,0,2,25.5,features
832,2291,0,0,2,21.0,corrective
833,2292,0,0,7,10.0,corrective
834,2293,0,0,3,27.0,corrective
835,2294,0,0,2,17.0,perfective
836,2295,0,0,1,2.0,perfective
837,2296,0,0,2,5.0,corrective
838,2297,0,0,1,4.0,nonfunctional
839,2298,0,0,1,2.0,corrective
840,2299,0,0,7,24.0,perfective
841,2300,0,0,2,19.5,perfective
842,2301,0,0,1,5.0,nonfunctional
843,2302,0,0,6,75.5,features
844,2303,0,0,1,2.0,corrective
845,2304,1,0,2,40.5,perfective
846,2305,0,0,1,2.0,perfective
847,2306,0,0,6,3.5,corrective
848,2307,0,0,1,1.0,corrective
849,2308,0,1,1,8.0,corrective
850,2310,0,0,1,50.0,corrective
851,2311,0,0,3,32.0,perfective
852,2312,0,0,2,7.0,corrective
853,2313,0,0,1,29.0,corrective
854,2314,0,0,1,2.0,nonfunctional
855,2315,0,0,1,3.0,corrective
856,2316,0,0,1,4.0,features
857,2317,0,0,7,8.0,perfective
858,2319,0,0,8,16.0,perfective
859,2320,0,0,2,22.5,perfective
860,2321,0,0,1,2.0,perfective
861,2322,0,0,5,4.0,perfective
862,2323,0,0,14,23.5,perfective
863,2324,0,0,2,8.0,perfective
864,2325,0,0,2,3.0,features
865,2326,0,0,1,55.0,features
866,2327,0,0,9,2.0,corrective
867,2328,0,0,2,6.0,perfective
868,2329,0,0,26,37.5,perfective
869,2330,0,0,1,3.0,corrective
870,2331,0,0,1,5.0,perfective
871,2332,0,0,2,17.5,corrective
872,2334,0,1,5,34.0,corrective
873,2335,0,0,3,74.0,perfective
874,2336,0,0,1,2.0,perfective
875,2337,0,0,2,2.0,perfective
876,2338,0,1,1,64.0,features
877,2339,0,0,1,2.0,nonfunctional
878,2340,0,0,5,34.0,perfective
879,2341,0,0,1,2.0,perfective
880,2342,0,0,1,4.0,features
881,2343,0,0,1,48.0,corrective
882,2346,0,0,7,48.0,perfective
883,2347,0,0,5,22.0,perfective
884,2348,0,0,3,37.0,perfective
885,2349,0,0,3,7.0,perfective
886,2350,0,1,1,109.0,perfective
887,2351,0,0,1,2.0,perfective
888,2352,0,0,2,9.0,features
889,2354,0,0,4,15.5,features
890,2355,0,0,4,11.0,features
891,2356,0,0,8,15.5,perfective
892,2357,0,0,1,74.0,corrective
893,2359,0,0,2,36.0,perfective
894,2360,0,0,2,5.5,corrective
895,2361,0,0,1,4.0,features
896,2362,0,0,12,29.0,perfective
897,2363,0,0,2,3.0,perfective
898,2364,0,0,6,20.0,perfective
899,2365,0,0,1,2.0,corrective
900,2366,0,0,2,50.0,perfective
901,2367,0,0,3,20.0,corrective
902,2368,0,0,5,23.0,perfective
903,2369,0,0,1,57.0,features
904,2370,0,1,3,16.0,perfective
905,2371,0,0,3,4.0,corrective
906,2372,0,0,4,6.0,nonfunctional
907,2373,0,0,2,8.5,perfective
908,2375,0,0,9,12.0,perfective
909,2376,0,0,1,4.0,corrective
910,2377,0,0,6,36.5,perfective
911,2378,0,0,11,39.0,perfective
912,2379,0,0,6,29.0,perfective
913,2380,0,0,2,1.5,features
914,2381,0,0,1,4.0,features
915,2382,0,0,2,28.5,perfective
916,2383,0,0,2,12.0,features
917,2384,0,0,2,4.5,corrective
918,2385,0,0,9,9.0,perfective
919,2386,0,0,5,22.0,perfective
920,2387,0,0,1,6.0,perfective
921,2388,0,0,1,2.0,features
922,2389,0,0,1,8.0,perfective
923,2390,0,0,1,76.0,corrective
924,2391,0,0,2,50.0,features
925,2392,0,0,2,50.0,perfective
926,2393,0,0,1,2.0,corrective
927,2394,0,0,2,30.5,perfective
928,2395,0,0,1,92.0,perfective
929,2396,0,0,4,12.0,corrective
930,2398,0,0,1,2.0,perfective
931,2399,0,0,1,16.0,features
932,2400,0,0,6,5.5,corrective
933,2401,0,0,1,65.0,perfective
934,2402,0,0,1,2.0,perfective
935,2403,0,0,1,13.0,perfective
936,2404,0,0,11,14.0,perfective
937,2405,0,0,1,6.0,perfective
938,2406,0,0,6,18.5,perfective
939,2407,0,0,3,47.0,features
940,2408,0,0,4,15.5,corrective
941,2409,0,0,2,3.0,perfective
942,2410,0,0,6,3.0,perfective
943,2411,0,0,4,24.0,perfective
944,2412,0,0,1,90.0,corrective
945,2413,0,0,2,47.0,corrective
946,2414,0,1,6,8.0,perfective
947,2416,0,1,1,46.0,features
948,2417,0,0,1,3.0,perfective
949,2418,0,0,1,2.0,corrective
950,2419,0,0,1,2.0,features
951,2420,0,0,3,4.0,corrective
952,2421,0,0,4,14.0,corrective
953,2422,0,0,4,6.5,perfective
954,2423,0,0,3,8.0,corrective
955,2425,0,0,6,3.5,perfective
956,2426,0,0,4,50.0,corrective
957,2427,0,0,3,6.0,perfective
958,2428,0,0,1,13.0,features
959,2429,0,0,7,6.0,perfective
960,2430,0,0,2,6.5,perfective
961,2431,0,0,5,2.0,features
962,2432,0,0,4,19.5,perfective
963,2433,0,1,11,56.0,perfective
964,2434,0,0,1,15.0,perfective
965,2435,0,0,23,16.0,perfective
966,2436,0,0,1,1.0,perfective
967,2437,0,0,1,12.0,perfective
968,2438,0,0,1,2.0,corrective
969,2439,0,0,2,34.0,corrective
970,2440,0,0,1,7.0,nonfunctional
971,2441,0,0,6,9.5,corrective
972,2442,0,0,8,2.0,features
973,2443,0,0,2,10.0,perfective
974,2444,0,0,2,44.0,perfective
975,2445,0,0,4,10.0,perfective
976,2446,0,0,5,62.0,perfective
977,2447,0,0,4,51.5,corrective
978,2448,0,0,2,12.0,features
979,2449,0,0,5,16.0,perfective
980,2450,0,0,3,32.0,features
981,2451,0,0,1,2.0,perfective
982,2452,0,1,1,42.0,corrective
983,2453,0,0,1,118.0,perfective
984,2454,0,0,1,9.0,nonfunctional
985,2455,0,0,1,26.0,perfective
986,2456,0,0,1,2.0,perfective
987,2457,0,0,1,2.0,perfective
988,2458,0,0,4,15.5,perfective
989,2459,0,1,10,4.5,corrective
990,2460,0,0,1,2.0,nonfunctional
991,2461,0,0,3,55.0,perfective
992,2462,0,0,1,2.0,perfective
993,2463,0,0,1,5.0,perfective
994,2464,0,0,1,1.0,perfective
995,2465,0,0,1,16.0,perfective
996,2466,0,0,3,10.0,features
997,2467,0,0,3,46.0,perfective
998,2468,1,0,5,27.0,perfective
999,2469,0,0,2,34.0,corrective
1000,2470,0,0,3,2.0,features
1001,2471,0,0,1,20.0,perfective
1002,2472,0,0,2,12.0,corrective
1003,2473,0,0,1,2.0,perfective
1004,2474,0,0,1,16.0,corrective
1005,2475,0,0,3,6.0,perfective
1006,2476,0,0,2,35.5,perfective
1007,2477,0,0,5,8.0,perfective
1008,2478,0,0,1,30.0,nonfunctional
1009,2479,0,0,9,18.0,features
1010,2480,0,0,4,7.5,perfective
1011,2481,0,0,13,12.0,perfective
1012,2482,0,0,1,14.0,corrective
1013,2483,0,0,1,42.0,perfective
1014,2484,0,0,2,27.0,perfective
1015,2485,0,0,14,24.5,perfective
1016,2486,0,0,2,32.5,corrective
1017,2487,0,0,1,56.0,features
1018,2488,0,0,1,5.0,features
1019,2489,0,0,4,64.5,perfective
1020,2490,0,0,1,4.0,features
1021,2491,0,0,7,18.0,features
1022,2492,0,1,1,35.0,features
1023,2493,0,0,1,4.0,corrective
1024,2494,0,0,3,29.0,corrective
1025,2495,0,0,2,14.5,perfective
1026,2496,0,0,1,4.0,perfective
1027,2497,1,0,8,66.0,perfective
1028,2498,0,0,1,84.0,features
1029,2499,0,0,5,4.0,perfective
1030,2500,0,0,1,44.0,perfective
1031,2501,0,0,1,2.0,perfective
1032,2502,1,0,6,7.5,perfective
1033,2503,0,0,1,51.0,features
1034,2504,0,0,1,4.0,perfective
1035,2505,0,0,8,6.0,perfective
1036,2506,0,0,2,7.0,perfective
1037,2507,0,0,10,59.0,corrective
1038,2508,0,0,2,21.5,perfective
1039,2509,0,0,1,8.0,perfective
1040,2510,0,0,6,20.5,perfective
1041,2511,0,0,2,6.5,perfective
1042,2512,0,0,2,8.0,perfective
1043,2513,0,1,1,46.0,perfective
1044,2514,0,0,7,11.0,corrective
1045,2515,0,0,2,31.5,perfective
1046,2516,0,0,1,2.0,features
1047,2517,0,0,9,8.0,perfective
1048,2519,0,0,2,53.0,perfective
1049,2520,0,0,2,17.0,perfective
1050,2521,0,0,1,8.0,perfective
1051,2522,0,0,2,18.0,corrective
1052,2523,0,0,4,12.5,corrective
1053,2524,0,0,4,4.5,perfective
1054,2525,0,0,4,5.5,features
1055,2526,0,1,1,72.0,corrective
1056,2527,0,0,1,12.0,perfective
1057,2528,0,0,1,2.0,perfective
1058,2529,0,0,2,40.0,perfective
1059,2530,0,0,7,39.0,perfective
1060,2531,0,0,1,2.0,perfective
1061,2532,0,0,1,55.0,perfective
1062,2533,0,0,2,8.5,perfective
1063,2534,0,0,4,6.0,perfective
1064,2536,0,0,1,2.0,perfective
1065,2537,0,0,3,7.0,features
1066,2538,0,0,1,39.0,features
1067,2539,0,0,4,48.5,corrective
1068,2540,0,0,2,2.0,features
1069,2541,0,1,6,10.5,features
1070,2542,0,1,4,40.0,perfective
1071,2543,0,0,3,16.0,perfective
1072,2544,0,0,2,8.0,corrective
1073,2545,0,0,18,18.5,perfective
1074,2546,0,1,1,37.0,perfective
1075,2547,0,0,2,3.0,corrective
1076,2548,0,0,1,11.0,corrective
1077,2549,0,0,3,21.0,perfective
1078,2550,0,0,2,11.5,perfective
1079,2551,0,0,1,13.0,features
1080,2552,0,0,1,20.0,perfective
1081,2553,0,0,2,15.5,corrective
1082,2554,0,0,1,6.0,perfective
1083,2555,0,0,1,46.0,perfective
1084,2556,0,0,2,6.5,features
1085,2557,0,0,6,9.0,corrective
1086,1340,0,0,1,5.0,nonfunctional
1087,2558,0,0,2,43.0,perfective
1088,2559,0,1,16,15.5,perfective
1089,2561,0,0,1,4.0,corrective
1090,2562,0,0,10,8.0,perfective
1091,2563,0,0,1,27.0,nonfunctional
1092,2564,0,0,4,43.5,features
1093,2565,0,0,3,9.0,perfective
1094,2566,0,0,5,18.0,perfective
1095,2567,0,0,1,16.0,perfective
1096,2568,0,0,1,4.0,features
1097,2569,0,0,3,7.0,perfective
1098,2570,0,0,1,4.0,features
1099,2571,0,0,5,54.0,perfective
1100,2572,0,0,1,11.0,corrective
1101,2573,0,0,1,12.0,features
1102,2574,0,0,9,5.0,perfective
1103,2575,0,0,5,26.0,features
1104,2576,0,0,1,9.0,corrective
1105,2577,0,0,5,38.0,perfective
1106,2578,0,0,1,2.0,features
1107,2580,0,0,2,6.5,perfective
1108,2581,0,0,14,10.0,perfective
1109,2582,0,0,5,12.0,perfective
1110,2583,0,0,18,7.5,perfective
1111,2584,1,0,11,37.0,perfective
1112,2585,0,0,4,2.0,features
1113,2586,0,0,3,2.0,perfective
1114,2587,0,0,1,2.0,corrective
1115,2588,0,0,2,11.5,corrective
1116,2589,0,0,4,15.0,perfective
1117,2590,0,0,4,27.5,perfective
1118,2591,0,0,2,14.0,perfective
1119,2592,0,0,1,15.0,features
1120,2593,0,0,3,16.0,perfective
1121,2594,0,0,2,19.0,corrective
1122,2595,0,0,1,6.0,nonfunctional
1123,2596,0,0,1,2.0,features
1124,2597,0,0,1,41.0,perfective
1125,2598,0,0,1,8.0,perfective
1126,2599,0,0,7,7.0,perfective
1127,2600,0,0,1,76.0,corrective
1128,2601,0,0,1,2.0,perfective
1129,2602,1,1,12,51.5,corrective
1130,2604,0,0,15,18.0,perfective
1131,2605,0,0,3,38.0,perfective
1132,2606,0,0,3,8.0,perfective
1133,2607,0,0,1,31.0,corrective
1134,2608,0,0,1,2.0,features
1135,2609,0,0,3,42.0,perfective
1136,2610,0,0,1,2.0,features
1137,2611,0,0,6,2.0,perfective
1138,2612,0,0,3,43.0,features
1139,2613,1,0,9,21.0,perfective
1140,2614,0,0,2,32.0,perfective
1141,2615,0,0,1,21.0,perfective
1142,2616,0,0,1,2.0,nonfunctional
1143,2617,0,0,1,11.0,features
1144,2618,0,0,4,4.0,features
1145,2619,0,0,2,12.0,perfective
1146,2620,0,0,1,2.0,corrective
1147,2621,0,0,2,5.0,corrective
1148,2622,0,0,1,78.0,perfective
1149,2623,0,0,7,42.0,perfective
1150,2624,0,0,1,2.0,perfective
1151,2625,0,1,3,22.0,perfective
1152,2626,0,0,3,10.0,perfective
1153,2627,0,1,3,8.0,perfective
1154,2628,0,0,2,19.0,perfective
1155,2629,0,0,1,12.0,nonfunctional
1156,2630,0,0,6,19.0,features
1157,2631,0,0,13,4.0,features
1158,2632,0,0,1,2.0,perfective
1159,2633,0,0,5,20.0,corrective
1160,2634,0,0,1,2.0,nonfunctional
1161,2635,0,0,2,21.5,corrective
1162,2636,0,1,2,7.0,perfective
1163,2637,0,0,1,28.0,nonfunctional
1164,2638,0,0,1,2.0,features
1165,2639,0,0,15,23.0,perfective
1166,2640,0,1,9,11.0,corrective
1167,2641,0,0,4,20.5,features
1168,2642,0,0,2,8.0,corrective
1169,2643,0,0,1,6.0,perfective
1170,2644,0,0,1,46.0,perfective
1171,2645,0,0,2,27.0,perfective
1172,2646,0,0,2,22.5,perfective
1173,2647,0,0,1,2.0,corrective
1174,2648,0,0,1,48.0,perfective
1175,2649,0,0,3,5.0,perfective
1176,2650,0,0,1,46.0,corrective
1177,4160,0,0,1,19.0,features
1178,2652,0,0,2,10.5,perfective
1179,2654,0,0,2,39.5,perfective
1180,2655,0,0,2,7.0,perfective
1181,2656,0,0,1,2.0,nonfunctional
1182,2657,0,0,2,4.0,corrective
1183,2658,0,0,3,4.0,features
1184,2659,0,0,1,6.0,corrective
1185,2660,0,0,2,71.0,perfective
1186,2661,0,0,3,13.0,features
1187,2662,0,0,3,6.0,perfective
1188,2663,0,0,1,2.0,perfective
1189,2664,0,0,1,2.0,perfective
1190,2665,0,0,1,2.0,corrective
1191,2667,0,0,1,66.0,perfective
1192,2666,0,0,3,7.0,perfective
1193,2668,1,0,2,4.5,corrective
1194,2669,0,0,2,35.0,perfective
1195,2670,0,0,1,14.0,perfective
1196,2671,0,0,1,4.0,perfective
1197,2672,0,0,1,35.0,corrective
1198,2673,0,0,16,3.5,perfective
1199,2674,0,0,1,8.0,perfective
1200,2675,0,0,1,27.0,features
1201,15,0,0,18,18.0,perfective
1202,2676,0,0,1,4.0,perfective
1203,2677,0,0,1,5.0,features
1204,2678,0,0,14,28.5,corrective
1205,2679,0,0,1,4.0,corrective
1206,2680,0,0,2,5.5,corrective
1207,2681,0,0,2,2.5,corrective
1208,2682,0,0,10,28.5,perfective
1209,2684,0,0,5,4.0,perfective
1210,2686,0,0,1,2.0,perfective
1211,2687,0,0,1,53.0,corrective
1212,2688,0,0,1,70.0,nonfunctional
1213,2689,0,0,1,45.0,perfective
1214,2690,0,0,1,9.0,features
1215,2691,0,0,1,31.0,perfective
1216,2692,0,0,2,3.0,corrective
1217,2693,0,0,1,2.0,corrective
1218,2694,0,0,2,21.0,corrective
1219,2695,0,1,1,1.0,perfective
1220,2696,0,0,1,2.0,features
1221,2697,0,0,3,4.0,perfective
1222,2698,0,0,1,48.0,perfective
1223,2699,0,0,1,9.0,nonfunctional
1224,2700,0,0,3,58.0,perfective
1225,2701,0,0,1,37.0,corrective
1226,2702,0,0,4,13.0,perfective
1227,2703,0,1,4,10.5,features
1228,2704,0,0,2,20.0,features
1229,2705,0,0,1,18.0,perfective
1230,2706,0,0,4,13.5,perfective
1231,2708,0,0,1,22.0,features
1232,2709,0,0,1,4.0,features
1233,2710,0,0,1,10.0,corrective
1234,2712,0,0,2,4.0,perfective
1235,2713,0,0,2,9.0,corrective
1236,2714,0,0,1,34.0,features
1237,2715,0,0,2,62.0,corrective
1238,2716,0,0,1,2.0,nonfunctional
1239,2717,0,0,1,39.0,corrective
1240,2718,0,0,2,19.5,perfective
1241,2719,0,0,4,16.5,features
1242,2721,0,0,2,135.5,corrective
1243,2722,0,0,1,16.0,corrective
1244,2723,0,0,1,2.0,perfective
1245,2725,0,0,6,32.0,corrective
1246,2726,0,0,1,2.0,perfective
1247,2727,0,0,2,21.5,corrective
1248,2728,0,0,3,16.0,perfective
1249,2729,0,0,3,21.0,perfective
1250,2730,0,0,1,40.0,features
1251,2732,0,0,5,46.0,perfective
1252,2733,0,0,1,4.0,nonfunctional
1253,2734,0,0,1,3.0,corrective
1254,2735,0,0,33,30.0,perfective
1255,2736,0,0,1,22.0,perfective
1256,2737,0,0,1,4.0,perfective
1257,2738,0,0,11,46.0,features
1258,2739,0,0,2,5.0,perfective
1259,2740,0,0,2,18.0,perfective
1260,2742,0,0,1,49.0,features
1261,2743,0,0,2,3.5,perfective
1262,2744,0,1,7,8.0,perfective
1263,2745,0,0,1,8.0,nonfunctional
1264,2746,0,0,2,27.0,corrective
1265,2748,0,0,3,45.0,perfective
1266,2749,0,0,3,38.0,corrective
1267,2750,0,0,1,2.0,perfective
1268,2751,0,0,1,2.0,corrective
1269,2752,0,0,1,2.0,corrective
1270,2753,0,0,5,3.0,perfective
1271,2754,0,0,6,13.0,perfective
1272,2755,0,0,1,2.0,perfective
1273,2756,0,0,1,1.0,features
1274,2757,0,0,1,20.0,features
1275,2758,0,0,1,2.0,perfective
1276,2759,0,0,1,2.0,corrective
1277,2760,0,0,5,2.0,perfective
1278,2761,0,0,2,25.5,perfective
1279,2762,0,0,5,21.0,perfective
1280,2763,0,0,5,2.0,perfective
1281,2764,0,0,1,2.0,features
1282,2765,0,0,2,6.0,corrective
1283,2766,0,1,1,23.0,features
1284,2767,0,1,5,5.0,features
1285,2768,0,0,2,12.5,corrective
1286,2769,0,0,1,12.0,features
1287,2770,0,0,10,6.5,perfective
1288,2771,0,0,4,54.5,perfective
1289,2772,0,0,2,20.5,corrective
1290,2773,0,0,2,25.0,corrective
1291,2774,0,0,1,16.0,corrective
1292,2775,0,0,1,14.0,features
1293,2776,0,0,1,4.0,corrective
1294,2777,0,0,2,7.0,corrective
1295,2778,0,0,1,22.0,perfective
1296,2779,0,0,1,2.0,perfective
1297,2780,0,0,2,2.0,corrective
1298,2781,0,0,3,8.0,corrective
1299,2782,0,0,1,22.0,nonfunctional
1300,2783,0,0,1,46.0,features
1301,2784,0,0,2,24.0,corrective
1302,2785,0,0,1,4.0,perfective
1303,2786,0,0,1,10.0,corrective
1304,2787,0,0,1,4.0,perfective
1305,2788,0,0,2,4.0,perfective
1306,2789,0,0,4,21.0,perfective
1307,2790,0,0,7,11.0,features
1308,2791,0,0,28,4.0,perfective
1309,2792,0,0,2,4.0,corrective
1310,2793,0,0,1,3.0,perfective
1311,2794,0,0,1,2.0,corrective
1312,2795,0,0,4,11.0,corrective
1313,2796,0,1,2,43.0,corrective
1314,2797,0,0,5,6.0,perfective
1315,2798,0,0,1,21.0,perfective
1316,2800,0,0,1,23.0,perfective
1317,2802,0,0,1,81.0,perfective
1318,2803,0,0,2,9.0,corrective
1319,2804,0,0,3,12.0,perfective
1320,2805,0,0,2,6.0,corrective
1321,2806,0,0,6,20.0,features
1322,2807,0,0,4,12.0,perfective
1323,2808,0,0,6,19.5,corrective
1324,2809,0,0,2,31.5,features
1325,2810,0,0,1,12.0,features
1326,2811,0,0,1,15.0,features
1327,2812,0,0,4,41.5,perfective
1328,2813,0,0,1,63.0,perfective
1329,2814,0,0,1,49.0,perfective
1330,2815,0,0,3,11.0,perfective
1331,2816,0,0,7,24.0,corrective
1332,2817,0,0,3,15.0,features
1333,2818,0,0,4,15.5,corrective
1334,2819,0,0,13,11.0,perfective
1335,2820,0,0,3,5.0,corrective
1336,2821,0,0,1,2.0,nonfunctional
1337,2822,0,0,1,3.0,perfective
1338,2823,0,0,4,14.0,corrective
1339,2824,0,0,7,13.0,corrective
1340,2825,0,0,6,9.0,perfective
1341,2826,0,0,1,14.0,corrective
1342,2827,0,0,1,11.0,corrective
1343,2829,0,0,1,4.0,perfective
1344,2830,0,0,4,11.0,features
1345,2831,0,0,1,2.0,nonfunctional
1346,2832,0,0,2,4.0,perfective
1347,2833,0,0,1,10.0,corrective
1348,2834,0,0,7,46.0,perfective
1349,2835,0,0,3,12.0,corrective
1350,2836,0,0,1,17.0,features
1351,2837,0,0,2,16.5,corrective
1352,2838,0,0,3,5.0,features
1353,2839,0,0,2,3.0,perfective
1354,2840,0,0,1,6.0,nonfunctional
1355,2842,0,0,2,6.0,perfective
1356,2844,0,0,1,2.0,features
1357,2845,0,0,2,5.0,corrective
1358,2846,0,0,2,45.0,perfective
1359,2847,0,0,1,10.0,features
1360,2848,0,0,2,18.0,features
1361,2849,0,0,2,10.0,features
1362,2850,0,0,6,3.5,perfective
1363,2851,0,0,3,48.0,corrective
1364,4161,0,0,1,2.0,perfective
1365,2854,0,0,1,22.0,features
1366,2855,0,0,3,16.0,corrective
1367,2856,0,0,2,15.5,corrective
1368,2857,0,0,1,5.0,perfective
1369,2858,0,0,1,24.0,perfective
1370,2859,0,0,1,5.0,perfective
1371,2860,0,0,1,5.0,corrective
1372,2861,0,0,1,28.0,corrective
1373,2862,0,0,1,16.0,perfective
1374,2863,0,0,3,12.0,features
1375,2864,0,0,2,5.5,perfective
1376,2865,0,0,2,12.0,corrective
1377,2867,0,0,2,48.0,perfective
1378,2868,0,0,3,45.0,perfective
1379,2869,0,0,1,20.0,corrective
1380,2870,0,0,1,10.0,corrective
1381,2871,0,0,1,19.0,features
1382,2872,0,0,1,2.0,features
1383,2873,0,0,1,55.0,perfective
1384,2875,0,0,2,4.5,perfective
1385,2876,0,0,4,7.5,perfective
1386,2877,0,0,1,2.0,corrective
1387,2878,0,0,2,7.5,corrective
1388,2879,0,0,1,18.0,perfective
1389,2880,0,0,2,21.0,corrective
1390,2881,0,0,3,4.0,corrective
1391,2882,0,0,1,2.0,perfective
1392,2883,0,1,2,29.0,perfective
1393,2884,0,0,1,2.0,perfective
1394,2885,0,0,2,3.0,perfective
1395,2886,0,0,1,34.0,perfective
1396,2887,0,0,3,4.0,perfective
1397,2888,0,0,5,4.0,perfective
1398,2889,0,0,3,8.0,features
1399,2890,0,0,1,4.0,perfective
1400,2891,0,0,1,4.0,features
1401,2892,0,0,1,53.0,corrective
1402,2893,0,0,3,2.0,perfective
1403,2894,0,0,2,15.5,perfective
1404,2896,0,0,4,16.5,perfective
1405,2897,0,0,1,2.0,corrective
1406,2898,0,0,1,15.0,corrective
1407,2899,0,0,4,3.0,features
1408,2900,0,0,3,26.0,features
1409,2902,0,0,1,2.0,features
1410,2903,0,0,6,13.0,perfective
1411,2904,0,0,1,3.0,perfective
1412,2905,0,0,2,11.0,perfective
1413,2906,0,0,1,17.0,perfective
1414,2908,0,0,2,3.5,perfective
1415,2909,0,0,2,4.5,perfective
1416,2910,0,0,1,4.0,nonfunctional
1417,2911,0,0,1,6.0,nonfunctional
1418,2912,0,0,1,2.0,nonfunctional
1419,2913,0,0,1,16.0,perfective
1420,2914,0,0,1,5.0,nonfunctional
1421,2915,0,0,1,2.0,corrective
1422,2916,0,0,2,6.0,corrective
1423,2917,0,0,1,2.0,corrective
1424,2918,0,0,2,15.5,perfective
1425,2919,0,0,2,2.0,perfective
1426,2920,0,0,1,2.0,nonfunctional
1427,2921,0,0,2,19.0,perfective
1428,2922,0,0,2,36.0,perfective
1429,2923,0,0,2,2.0,corrective
1430,2924,0,0,2,15.0,perfective
1431,2925,0,0,3,4.0,perfective
1432,2926,0,0,5,27.0,perfective
1433,2927,0,0,1,2.0,nonfunctional
1434,2928,0,0,1,13.0,corrective
1435,2930,0,0,2,44.0,features
1436,2931,0,0,2,30.0,corrective
1437,2932,0,0,1,20.0,corrective
1438,2933,0,0,1,2.0,corrective
1439,2934,0,0,1,4.0,corrective
1440,2935,0,0,5,7.0,corrective
1441,2936,0,0,1,6.0,corrective
1442,2937,0,0,1,6.0,corrective
1443,2938,0,0,1,48.0,features
1444,2939,0,0,1,2.0,corrective
1445,2940,0,0,1,2.0,features
1446,2941,0,0,1,2.0,perfective
1447,2942,0,0,2,2.0,perfective
1448,2943,0,0,1,14.0,corrective
1449,2944,0,0,39,12.0,perfective
1450,2946,0,0,1,10.0,corrective
1451,2948,0,0,2,5.0,features
1452,2949,0,0,5,6.0,perfective
1453,2950,0,0,1,2.0,corrective
1454,2951,0,0,3,36.0,corrective
1455,2952,0,0,1,7.0,perfective
1456,2953,0,0,2,21.0,perfective
1457,2954,0,0,7,6.0,perfective
1458,2956,0,0,2,26.5,corrective
1459,2958,0,0,1,37.0,corrective
1460,2959,0,0,1,2.0,nonfunctional
1461,2961,0,1,5,81.0,perfective
1462,2962,0,0,1,36.0,corrective
1463,2963,0,0,1,10.0,corrective
1464,2964,0,0,5,6.0,corrective
1465,2965,0,0,1,2.0,nonfunctional
1466,2966,0,0,1,2.0,perfective
1467,2967,0,0,1,4.0,corrective
1468,2968,0,0,1,2.0,corrective
1469,2969,0,0,6,8.5,perfective
1470,2970,0,0,1,72.0,features
1471,2971,0,0,1,2.0,corrective
1472,2972,0,0,1,34.0,corrective
1473,2973,0,0,1,26.0,perfective
1474,2974,0,0,7,8.0,perfective
1475,2976,0,0,2,30.5,corrective
1476,2977,0,0,1,2.0,features
1477,2978,0,0,2,43.5,corrective
1478,2979,0,0,2,4.0,perfective
1479,2980,0,0,2,12.0,features
1480,2981,0,0,14,14.0,corrective
1481,2982,0,0,2,45.0,perfective
1482,2983,0,0,7,41.0,perfective
1483,2984,0,0,1,2.0,corrective
1484,2985,0,0,1,5.0,perfective
1485,2987,0,0,5,4.0,features
1486,2988,0,0,4,5.0,perfective
1487,2989,0,0,1,10.0,features
1488,2990,0,0,3,4.0,corrective
1489,2991,0,0,2,103.5,features
1490,2992,0,0,14,21.0,features
1491,2993,0,0,1,4.0,perfective
1492,2994,0,0,1,1.0,perfective
1493,2995,0,0,1,4.0,corrective
1494,2996,0,0,2,5.5,corrective
1495,2997,0,0,1,8.0,perfective
1496,2998,0,0,16,44.5,corrective
1497,2999,0,0,1,2.0,features
1498,3000,0,1,11,11.0,corrective
1499,3001,0,0,4,16.5,perfective
1500,3002,0,0,1,21.0,nonfunctional
1501,3003,0,0,5,87.0,perfective
1502,3004,0,0,2,13.0,corrective
1503,3005,0,0,1,67.0,corrective
1504,3007,0,0,2,2.0,corrective
1505,3008,0,0,7,10.0,nonfunctional
1506,3009,0,0,4,10.0,features
1507,3010,0,0,1,2.0,features
1508,3011,0,0,1,22.0,features
1509,3012,0,0,1,4.0,nonfunctional
1510,3013,0,0,1,2.0,perfective
1511,3014,0,0,8,28.5,perfective
1512,3015,0,0,1,9.0,corrective
1513,3016,0,0,1,6.0,corrective
1514,3018,0,0,1,14.0,perfective
1515,3019,0,0,5,7.0,perfective
1516,3020,0,0,1,2.0,perfective
1517,3021,0,0,2,4.0,perfective
1518,3022,0,0,5,25.0,perfective
1519,3023,0,0,1,10.0,corrective
1520,3024,0,0,1,4.0,perfective
1521,3025,0,0,2,41.5,perfective
1522,3026,0,0,6,23.0,corrective
1523,3027,0,0,4,29.0,perfective
1524,3028,0,0,4,23.0,corrective
1525,3029,0,0,12,55.0,corrective
1526,3030,0,0,2,6.0,perfective
1527,3031,0,0,4,39.0,perfective
1528,3032,0,0,1,2.0,features
1529,3034,0,0,2,40.0,corrective
1530,3035,0,0,2,8.0,perfective
1531,3036,0,0,2,27.5,perfective
1532,3038,0,0,3,10.0,perfective
1533,3039,0,0,1,10.0,perfective
1534,3040,0,0,4,2.0,perfective
1535,3041,0,0,2,5.0,corrective
1536,3042,0,0,6,43.5,corrective
1537,3043,1,0,22,51.0,perfective
1538,3044,0,0,1,2.0,perfective
1539,3045,0,0,3,24.0,perfective
1540,3046,0,0,4,2.0,perfective
1541,3047,0,0,4,13.0,perfective
1542,3048,0,0,4,53.0,perfective
1543,3049,0,0,1,4.0,perfective
1544,3050,0,0,2,18.5,perfective
1545,3051,0,0,1,94.0,features
1546,3052,0,0,1,96.0,corrective
1547,3053,0,0,6,19.0,perfective
1548,3054,0,0,9,14.0,perfective
1549,3055,0,1,3,2.0,corrective
1550,3056,0,0,4,8.0,features
1551,3057,0,0,1,2.0,nonfunctional
1552,3058,0,0,6,7.5,corrective
1553,3059,0,0,3,10.0,perfective
1554,3060,1,0,8,7.5,perfective
1555,3061,0,0,2,2.0,corrective
1556,3062,0,0,1,14.0,nonfunctional
1557,3063,0,0,1,40.0,corrective
1558,3064,0,0,1,2.0,perfective
1559,3065,0,0,1,10.0,perfective
1560,3066,0,0,1,6.0,nonfunctional
1561,3068,0,0,2,10.5,perfective
1562,3069,0,0,1,2.0,perfective
1563,3070,0,0,2,3.0,perfective
1564,3071,0,0,3,40.0,perfective
1565,3072,0,0,1,2.0,corrective
1566,3073,0,0,5,32.0,perfective
1567,3074,0,0,1,12.0,perfective
1568,3075,0,0,3,9.0,perfective
1569,3076,0,0,11,28.0,perfective
1570,3077,0,0,1,12.0,corrective
1571,3078,0,0,1,2.0,corrective
1572,3079,0,0,15,23.0,perfective
1573,3080,0,0,4,1.5,perfective
1574,3081,0,0,1,2.0,features
1575,3082,0,0,2,2.0,perfective
1576,3083,0,0,2,2.0,corrective
1577,3084,0,0,1,8.0,features
1578,3085,0,0,2,15.5,perfective
1579,3086,0,0,5,8.0,features
1580,3087,0,0,3,14.0,features
1581,3088,0,0,1,2.0,nonfunctional
1582,3089,0,0,1,69.0,corrective
1583,3090,0,0,6,6.5,perfective
1584,3091,0,0,3,53.0,perfective
1585,3092,0,0,1,17.0,corrective
1586,3093,0,0,16,16.0,perfective
1587,3094,0,0,1,3.0,nonfunctional
1588,3095,0,0,1,9.0,corrective
1589,3096,0,0,1,4.0,perfective
1590,3097,0,0,5,16.0,corrective
1591,3098,0,0,1,2.0,corrective
1592,3099,0,0,2,8.0,perfective
1593,3100,0,0,4,9.5,perfective
1594,3101,0,0,1,2.0,perfective
1595,3102,0,0,1,38.0,perfective
1596,3103,0,0,1,1.0,perfective
1597,3104,0,0,7,28.0,perfective
1598,3105,0,0,1,6.0,perfective
1599,3106,0,0,1,4.0,features
1600,3107,0,0,7,4.0,perfective
1601,3108,1,0,34,10.0,perfective
1602,3109,0,0,3,23.0,perfective
1603,3112,0,0,1,2.0,perfective
1604,3113,0,0,2,47.5,perfective
1605,3114,0,0,1,2.0,nonfunctional
1606,3115,0,0,4,18.5,perfective
1607,3116,0,0,1,27.0,features
1608,3118,0,0,1,34.0,perfective
1609,3119,0,0,1,2.0,perfective
1610,3120,0,0,4,2.0,perfective
1611,3121,0,0,2,12.0,perfective
1612,3123,0,0,3,4.0,corrective
1613,3125,0,0,2,40.5,corrective
1614,3127,0,0,9,22.0,perfective
1615,3128,0,0,2,2.0,perfective
1616,3129,0,0,2,6.0,perfective
1617,3130,0,0,2,16.0,corrective
1618,3131,0,0,3,26.0,perfective
1619,3132,0,0,1,13.0,features
1620,3133,0,0,1,2.0,perfective
1621,3134,0,0,1,10.0,features
1622,3135,0,0,4,10.0,corrective
1623,3136,0,0,1,2.0,corrective
1624,3138,0,0,1,4.0,corrective
1625,3139,0,0,1,13.0,corrective
1626,3140,0,0,1,1.0,perfective
1627,3141,0,0,1,18.0,corrective
1628,3142,0,0,1,56.0,perfective
1629,3143,0,0,1,5.0,features
1630,3144,0,0,3,20.0,perfective
1631,3146,0,0,1,20.0,perfective
1632,3147,0,0,1,14.0,corrective
1633,3148,0,0,2,29.0,corrective
1634,3149,0,0,1,50.0,perfective
1635,3150,0,0,3,65.0,corrective
1636,3151,0,0,7,4.0,perfective
1637,3152,0,0,1,5.0,nonfunctional
1638,3153,0,0,1,2.0,features
1639,3154,0,0,1,7.0,perfective
1640,3155,0,0,1,12.0,nonfunctional
1641,3156,0,0,2,3.5,features
1642,3157,0,0,2,22.0,perfective
1643,3158,0,0,1,16.0,nonfunctional
1644,3159,0,0,1,7.0,perfective
1645,3160,0,0,1,3.0,corrective
1646,3161,0,0,1,2.0,corrective
1647,3162,0,0,3,52.0,perfective
1648,3163,0,0,5,56.0,perfective
1649,3165,0,0,2,2.0,perfective
1650,3166,0,0,3,4.0,corrective
1651,3167,0,0,1,2.0,features
1652,3168,0,0,1,2.0,corrective
1653,3169,0,0,1,4.0,nonfunctional
1654,3170,0,0,1,2.0,perfective
1655,3171,0,0,2,23.0,perfective
1656,3172,0,0,1,2.0,nonfunctional
1657,3173,0,0,1,8.0,nonfunctional
1658,3174,0,0,1,2.0,perfective
1659,3175,0,0,2,25.5,corrective
1660,3176,0,0,1,5.0,perfective
1661,3177,0,0,3,11.0,perfective
1662,3178,0,0,7,4.0,perfective
1663,3179,0,0,8,6.0,perfective
1664,3180,0,0,9,47.0,perfective
1665,3181,0,0,1,2.0,corrective
1666,3182,0,0,3,13.0,perfective
1667,3183,0,0,1,3.0,perfective
1668,3184,0,0,3,91.0,features
1669,3185,0,0,1,13.0,corrective
1670,3186,0,0,2,7.0,corrective
1671,3187,0,0,2,12.5,features
1672,3188,0,0,2,2.5,corrective
1673,3190,0,0,1,7.0,perfective
1674,3191,0,0,1,2.0,corrective
1675,3192,0,0,1,34.0,nonfunctional
1676,3194,0,0,2,3.0,features
1677,3195,0,0,1,2.0,corrective
1678,3196,0,0,1,2.0,perfective
1679,3197,0,0,1,4.0,nonfunctional
1680,3198,0,0,1,12.0,perfective
1681,3199,0,0,1,37.0,features
1682,3200,0,0,12,16.5,perfective
1683,3201,0,0,1,136.0,perfective
1684,3202,0,0,1,25.0,perfective
1685,3203,0,0,10,42.5,perfective
1686,3204,0,0,6,6.0,perfective
1687,3205,0,0,3,21.0,features
1688,3206,0,0,12,31.0,perfective
1689,3207,0,0,1,1.0,nonfunctional
1690,3208,0,0,3,2.0,perfective
1691,3209,0,0,3,3.0,corrective
1692,3210,0,0,3,100.0,perfective
1693,3211,0,0,2,4.5,corrective
1694,3212,0,0,1,9.0,corrective
1695,3213,0,0,1,10.0,corrective
1696,3214,0,0,1,62.0,features
1697,3215,0,0,1,64.0,perfective
1698,3216,0,0,1,3.0,perfective
1699,3217,0,0,8,2.0,perfective
1700,3218,0,0,15,30.0,perfective
1701,3219,0,0,4,7.5,perfective
1702,3220,0,0,3,8.0,perfective
1703,3221,0,0,7,14.0,corrective
1704,3222,0,0,2,21.0,corrective
1705,3223,0,0,2,2.0,features
1706,3224,0,0,2,3.0,perfective
1707,3225,0,0,2,7.5,perfective
1708,3226,0,0,1,2.0,corrective
1709,3227,0,0,1,4.0,perfective
1710,3228,0,0,2,53.5,perfective
1711,3229,0,0,1,2.0,perfective
1712,3230,0,0,1,10.0,perfective
1713,3231,0,0,1,11.0,corrective
1714,3232,0,0,1,2.0,nonfunctional
1715,3233,0,0,1,2.0,perfective
1716,3234,0,0,2,3.0,corrective
1717,3235,0,0,1,4.0,perfective
1718,3236,0,0,1,6.0,perfective
1719,3237,0,0,1,2.0,perfective
1720,3238,0,0,1,46.0,perfective
1721,3239,0,0,1,2.0,nonfunctional
1722,3240,0,0,3,16.0,nonfunctional
1723,3241,0,0,2,35.0,features
1724,3242,0,0,3,18.0,corrective
1725,2579,0,0,10,5.5,corrective
1726,3243,0,0,2,2.0,perfective
1727,3244,0,0,1,2.0,nonfunctional
1728,3245,0,0,3,3.0,nonfunctional
1729,3246,0,0,1,68.0,perfective
1730,3247,0,0,1,4.0,features
1731,3248,0,0,3,5.0,features
1732,3249,0,0,13,59.0,perfective
1733,3250,0,0,2,6.0,perfective
1734,3251,0,0,2,51.5,perfective
1735,3252,0,0,1,2.0,corrective
1736,3253,0,0,9,23.0,perfective
1737,3254,0,0,1,2.0,perfective
1738,3256,0,0,1,4.0,features
1739,3257,0,0,3,2.0,corrective
1740,3258,0,0,1,33.0,nonfunctional
1741,3259,0,0,6,36.0,perfective
1742,3260,0,0,2,27.0,perfective
1743,3261,0,0,2,5.0,corrective
1744,3262,0,0,1,2.0,nonfunctional
1745,3263,0,0,2,3.0,corrective
1746,3264,0,0,2,24.0,corrective
1747,3265,0,0,2,8.5,perfective
1748,3266,0,0,1,16.0,perfective
1749,3267,0,0,1,8.0,features
1750,3268,0,0,1,23.0,corrective
1751,3269,0,0,4,40.5,perfective
1752,3270,0,0,1,4.0,corrective
1753,3271,0,0,1,5.0,perfective
1754,3272,0,0,7,10.0,perfective
1755,3273,0,0,8,3.0,corrective
1756,3274,0,0,1,2.0,perfective
1757,3275,0,0,5,32.0,corrective
1758,3276,0,0,1,16.0,features
1759,3277,0,0,2,4.5,perfective
1760,3278,0,0,1,2.0,perfective
1761,3279,1,0,15,26.0,perfective
1762,3280,0,0,4,6.0,corrective
1763,3282,0,1,3,6.0,perfective
1764,3283,0,0,1,2.0,corrective
1765,3284,0,0,3,45.0,corrective
1766,3285,0,0,2,8.0,corrective
1767,3286,0,0,5,21.0,corrective
1768,3288,0,0,1,61.0,corrective
1769,3289,0,0,1,36.0,features
1770,3290,0,0,3,15.0,perfective
1771,3291,0,0,2,50.0,perfective
1772,3292,0,0,1,2.0,corrective
1773,3293,0,0,2,13.5,perfective
1774,3294,0,0,14,5.0,perfective
1775,3295,0,0,1,2.0,nonfunctional
1776,3296,0,0,1,2.0,corrective
1777,3297,0,0,1,7.0,perfective
1778,3298,0,0,3,4.0,perfective
1779,3299,0,0,14,15.5,perfective
1780,3300,0,0,1,2.0,perfective
1781,3301,0,0,1,4.0,corrective
1782,3302,0,1,1,27.0,features
1783,3303,0,0,11,16.0,corrective
1784,3304,0,0,1,48.0,corrective
1785,3305,0,0,1,6.0,perfective
1786,3306,0,0,1,26.0,corrective
1787,3307,0,0,1,93.0,features
1788,3309,0,0,1,11.0,perfective
1789,3310,0,0,1,2.0,perfective
1790,3311,0,0,3,4.0,perfective
1791,3312,0,0,4,113.0,perfective
1792,3313,0,0,1,3.0,perfective
1793,3314,0,0,5,5.0,perfective
1794,3315,0,0,6,15.0,corrective
1795,3316,0,0,1,2.0,corrective
1796,3317,0,0,1,6.0,corrective
1797,3318,0,0,1,12.0,perfective
1798,3319,0,0,1,1.0,features
1799,3320,0,0,1,26.0,corrective
1800,3321,0,0,2,2.5,features
1801,3322,0,0,1,2.0,corrective
1802,3323,0,0,1,2.0,nonfunctional
1803,3324,0,1,1,2.0,perfective
1804,3325,0,0,4,3.5,corrective
1805,3326,0,0,1,1.0,features
1806,3327,0,1,3,6.0,perfective
1807,3328,0,0,1,1.0,features
1808,3332,0,0,1,4.0,corrective
1809,3333,0,0,1,2.0,perfective
1810,3334,0,0,2,3.0,features
1811,3335,0,0,3,41.0,corrective
1812,3336,0,0,1,2.0,perfective
1813,3337,0,0,1,2.0,features
1814,3338,0,0,1,2.0,corrective
1815,3339,0,0,2,35.5,features
1816,3340,0,0,1,2.0,perfective
1817,3341,0,0,1,54.0,perfective
1818,3342,0,0,1,1.0,features
1819,3343,0,1,1,41.0,corrective
1820,3344,0,0,1,2.0,corrective
1821,3346,0,0,3,10.0,perfective
1822,3347,0,0,1,2.0,features
1823,3348,0,0,1,8.0,corrective
1824,3349,0,0,1,2.0,perfective
1825,3350,0,0,3,7.0,corrective
1826,3351,0,1,8,77.0,perfective
1827,3352,0,0,1,2.0,nonfunctional
1828,3353,0,0,1,3.0,corrective
1829,3354,0,0,1,4.0,corrective
1830,3355,0,0,1,2.0,perfective
1831,3356,0,0,1,2.0,perfective
1832,3357,0,0,1,8.0,perfective
1833,3358,0,0,1,16.0,corrective
1834,3359,0,0,1,12.0,perfective
1835,3360,0,0,4,8.5,corrective
1836,3361,0,0,1,2.0,perfective
1837,3362,0,0,1,4.0,features
1838,3363,0,0,1,6.0,corrective
1839,3364,0,0,1,2.0,perfective
1840,3365,0,0,1,41.0,features
1841,3366,0,0,1,2.0,perfective
1842,3367,0,0,4,6.0,corrective
1843,3368,0,0,1,2.0,features
1844,3369,0,0,2,11.0,corrective
1845,3370,0,0,1,56.0,corrective
1846,3371,0,0,1,2.0,perfective
1847,3372,0,0,6,2.0,corrective
1848,3373,0,0,1,8.0,nonfunctional
1849,3374,0,0,2,90.0,perfective
1850,3375,0,0,1,4.0,perfective
1851,3376,0,0,1,5.0,corrective
1852,3377,0,0,1,2.0,perfective
1853,3378,0,0,1,2.0,nonfunctional
1854,3379,0,0,2,2.0,perfective
1855,3381,0,0,1,3.0,corrective
1856,3382,0,0,3,1.0,perfective
1857,3383,0,0,3,2.0,perfective
1858,3384,0,0,1,2.0,perfective
1859,3385,0,0,2,2.0,corrective
1860,3386,0,0,1,2.0,features
1861,3387,0,0,1,6.0,perfective
1862,3388,0,0,1,36.0,corrective
1863,3389,0,0,1,6.0,nonfunctional
1864,3391,0,0,2,1.5,perfective
1865,3392,0,0,1,2.0,perfective
1866,3393,0,0,3,2.0,perfective
1867,3394,0,0,1,4.0,perfective
1868,3395,0,0,2,3.0,perfective
1869,3396,0,0,3,2.0,perfective
1870,3397,0,0,2,43.5,perfective
1871,3398,0,0,1,2.0,perfective
1872,3399,0,0,4,2.0,corrective
1873,3401,0,0,3,21.0,perfective
1874,3402,0,0,8,6.5,corrective
1875,3403,0,0,4,34.0,perfective
1876,3404,0,0,3,2.0,nonfunctional
1877,3405,0,0,1,6.0,features
1878,3406,0,0,1,4.0,nonfunctional
1879,3407,0,0,1,4.0,perfective
1880,3408,0,0,1,2.0,perfective
1881,3409,0,0,1,2.0,perfective
1882,3410,0,0,4,32.0,perfective
1883,3411,0,0,5,5.0,corrective
1884,3413,0,0,5,88.0,features
1885,3414,0,0,1,3.0,perfective
1886,3415,0,0,1,2.0,nonfunctional
1887,3417,0,0,2,5.0,perfective
1888,3419,0,0,1,30.0,features
1889,3420,0,0,1,2.0,corrective
1890,3421,0,0,1,2.0,corrective
1891,3422,0,0,1,2.0,perfective
1892,3423,0,0,11,8.0,corrective
1893,3424,0,0,1,38.0,corrective
1894,3425,0,0,1,16.0,perfective
1895,3426,0,0,1,2.0,perfective
1896,3427,0,0,2,5.5,perfective
1897,3428,0,0,13,19.0,perfective
1898,3429,0,0,2,27.0,perfective
1899,3430,0,0,1,41.0,perfective
1900,3431,0,0,1,2.0,perfective
1901,3432,0,0,2,16.0,features
1902,3433,0,0,4,55.5,features
1903,3434,0,0,1,1.0,perfective
1904,3435,0,0,2,1.0,perfective
1905,3436,0,0,2,4.0,corrective
1906,3437,0,0,1,2.0,nonfunctional
1907,3438,0,0,1,2.0,nonfunctional
1908,3439,0,0,4,34.0,perfective
1909,3440,0,0,5,27.0,perfective
1910,3442,0,0,1,3.0,nonfunctional
1911,3443,0,0,2,2.0,perfective
1912,3444,0,0,1,26.0,corrective
1913,3445,0,0,3,3.0,perfective
1914,3446,0,0,9,6.0,perfective
1915,3447,0,0,2,8.0,perfective
1916,3448,0,0,1,4.0,perfective
1917,3449,0,0,5,49.0,corrective
1918,3450,0,0,1,6.0,perfective
1919,3452,0,0,1,3.0,features
1920,3453,0,0,1,19.0,perfective
1921,3454,0,0,5,6.0,perfective
1922,3455,0,0,1,2.0,perfective
1923,3456,0,0,1,2.0,features
1924,3457,0,0,2,3.5,perfective
1925,3458,0,0,1,6.0,corrective
1926,3459,0,0,1,23.0,perfective
1927,3460,0,0,1,5.0,corrective
1928,3461,0,0,1,2.0,nonfunctional
1929,3462,0,0,1,28.0,features
1930,3463,0,0,1,2.0,nonfunctional
1931,3464,0,0,5,11.0,perfective
1932,3465,0,0,1,3.0,perfective
1933,3466,0,0,2,2.5,nonfunctional
1934,3467,0,0,3,4.0,features
1935,3468,0,0,10,15.0,corrective
1936,3469,0,0,3,6.0,perfective
1937,3470,0,0,1,10.0,corrective
1938,3471,0,0,1,16.0,perfective
1939,3472,0,0,1,83.0,perfective
1940,3473,0,0,2,2.0,perfective
1941,3474,0,0,3,10.0,perfective
1942,3476,0,0,1,7.0,perfective
1943,3477,0,0,1,2.0,perfective
1944,3478,0,0,1,2.0,nonfunctional
1945,3479,0,0,1,6.0,corrective
1946,3480,0,0,3,54.0,features
1947,3481,0,0,2,30.5,perfective
1948,3482,0,0,11,18.0,corrective
1949,3483,0,0,1,10.0,features
1950,3484,0,0,1,17.0,corrective
1951,3485,0,0,2,24.0,corrective
1952,3487,0,0,1,2.0,corrective
1953,3488,0,0,9,12.0,perfective
1954,3489,0,0,1,8.0,nonfunctional
1955,3490,0,1,1,17.0,features
1956,3491,0,0,1,4.0,nonfunctional
1957,3492,0,0,1,2.0,perfective
1958,3494,0,0,2,34.0,perfective
1959,3495,0,0,5,2.0,perfective
1960,3496,0,0,1,68.0,corrective
1961,3497,0,0,1,2.0,nonfunctional
1962,3498,0,0,1,13.0,nonfunctional
1963,3499,0,0,3,2.0,perfective
1964,3500,0,0,1,13.0,corrective
1965,3501,0,0,1,104.0,corrective
1966,3502,0,0,12,34.5,perfective
1967,3503,0,0,3,10.0,corrective
1968,3504,0,1,9,28.0,features
1969,3505,0,0,1,2.0,corrective
1970,3506,0,0,1,4.0,perfective
1971,3507,0,0,2,5.0,nonfunctional
1972,3508,0,0,7,92.0,perfective
1973,3509,0,0,1,53.0,perfective
1974,3510,0,0,7,15.0,perfective
1975,3511,0,0,1,8.0,nonfunctional
1976,3512,0,0,1,56.0,nonfunctional
1977,3513,0,0,1,8.0,corrective
1978,3514,0,0,1,4.0,corrective
1979,3515,0,0,2,1.5,corrective
1980,3516,0,0,1,2.0,perfective
1981,3517,0,0,2,37.5,perfective
1982,3518,0,0,1,2.0,perfective
1983,3519,0,0,3,4.0,corrective
1984,3520,0,0,7,13.0,perfective
1985,3521,0,0,2,4.0,perfective
1986,3522,0,0,1,52.0,corrective
1987,3523,0,0,1,2.0,features
1988,3524,0,0,1,14.0,features
1989,3525,0,0,1,2.0,perfective
1990,3526,0,0,1,2.0,perfective
1991,3527,0,0,3,15.0,corrective
1992,3528,0,0,1,3.0,corrective
1993,3529,0,0,1,4.0,perfective
1994,3530,0,0,2,6.0,perfective
1995,3531,0,0,1,1.0,corrective
1996,3532,0,0,1,2.0,perfective
1997,3533,0,0,1,2.0,perfective
1998,3534,0,0,4,32.0,features
1999,3535,0,0,3,6.0,corrective
2000,3536,0,1,1,15.0,perfective
2001,3537,0,0,2,11.0,perfective
2002,3538,0,0,1,2.0,features
2003,3539,0,0,1,10.0,corrective
2004,3540,0,0,3,18.0,corrective
2005,3541,0,0,2,40.5,perfective
2006,3542,0,0,1,54.0,perfective
2007,3543,0,0,2,49.5,perfective
2008,3544,0,0,2,35.0,perfective
2009,3545,0,0,1,2.0,features
2010,3546,0,0,1,2.0,corrective
2011,3547,0,0,1,2.0,corrective
2012,3548,0,0,1,52.0,perfective
2013,3549,0,0,1,2.0,perfective
2014,3550,0,0,2,52.0,perfective
2015,3551,0,0,2,46.5,features
2016,3552,0,0,2,1.0,features
2017,3553,0,0,1,2.0,corrective
2018,3554,0,0,1,1.0,corrective
2019,3555,0,0,1,4.0,nonfunctional
2020,3556,0,0,1,41.0,perfective
2021,3558,0,0,4,36.5,perfective
2022,3559,0,0,2,10.5,perfective
2023,3560,0,0,3,2.0,perfective
2024,3561,0,0,2,11.5,perfective
2025,3562,0,0,1,29.0,features
2026,3563,0,0,5,26.0,perfective
2027,3564,0,0,1,43.0,perfective
2028,3565,0,0,1,2.0,perfective
2029,3566,0,0,1,4.0,perfective
2030,3567,0,0,3,6.0,perfective
2031,3568,0,0,1,5.0,perfective
2032,3569,0,0,2,16.0,corrective
2033,3570,0,0,1,35.0,features
2034,3571,0,0,1,24.0,nonfunctional
2035,3572,0,0,1,8.0,features
2036,3573,0,0,2,25.0,features
2037,3574,0,0,1,21.0,perfective
2038,3575,0,0,1,2.0,corrective
2039,3576,0,0,2,4.0,corrective
2040,3577,0,0,20,38.5,perfective
2041,3578,0,0,1,93.0,perfective
2042,3579,0,0,2,5.5,corrective
2043,3580,0,0,2,22.5,perfective
2044,3581,0,0,1,2.0,perfective
2045,3582,0,0,4,32.0,perfective
2046,3583,0,0,1,2.0,features
2047,3584,0,0,1,9.0,perfective
2048,3585,0,1,1,27.0,features
2049,3586,0,0,1,43.0,nonfunctional
2050,3587,0,0,1,2.0,perfective
2051,3891,0,0,7,52.0,perfective
2052,3590,0,0,1,6.0,perfective
2053,3591,0,0,1,2.0,perfective
2054,3592,0,0,1,4.0,features
2055,3593,0,0,1,14.0,perfective
2056,3594,0,0,9,33.0,perfective
2057,3595,0,0,1,25.0,perfective
2058,3596,0,0,1,6.0,nonfunctional
2059,3597,0,0,1,4.0,features
2060,3598,0,0,1,2.0,perfective
2061,3599,0,0,1,4.0,perfective
2062,3600,0,0,1,4.0,features
2063,3601,0,0,1,2.0,perfective
2064,3602,0,0,1,7.0,nonfunctional
2065,3603,0,0,1,2.0,corrective
2066,3604,0,0,1,2.0,nonfunctional
2067,3605,0,0,3,6.0,features
2068,3606,0,0,2,21.5,corrective
2069,3608,0,0,3,2.0,perfective
2070,3609,0,0,1,73.0,perfective
2071,3610,0,0,1,2.0,perfective
2072,3611,0,0,1,94.0,perfective
2073,3612,0,0,1,2.0,perfective
2074,3613,0,0,4,27.5,perfective
2075,3614,0,0,1,2.0,perfective
2076,3615,0,0,2,5.5,perfective
2077,3616,0,0,1,4.0,perfective
2078,3617,0,0,1,30.0,perfective
2079,3618,0,0,1,2.0,perfective
2080,3619,0,0,2,14.5,perfective
2081,3620,0,0,1,18.0,corrective
2082,3621,0,0,2,6.5,corrective
2083,3622,0,0,1,2.0,nonfunctional
2084,3623,0,0,1,22.0,nonfunctional
2085,3624,0,0,1,2.0,perfective
2086,3625,0,0,3,14.0,features
2087,3626,0,0,2,2.0,corrective
2088,3627,0,0,1,125.0,perfective
2089,3628,0,0,2,134.0,perfective
2090,3629,0,1,4,11.0,perfective
2091,3630,0,0,1,42.0,perfective
2092,3631,0,0,2,48.0,corrective
2093,3632,0,0,3,2.0,perfective
2094,3633,0,0,2,28.0,perfective
2095,3634,0,0,1,3.0,corrective
2096,3635,0,0,15,18.0,corrective
2097,3636,0,0,1,2.0,features
2098,3637,0,0,1,6.0,perfective
2099,3638,0,0,1,68.0,nonfunctional
2100,3639,0,0,1,66.0,corrective
2101,3640,0,0,1,2.0,corrective
2102,3641,0,0,1,36.0,perfective
2103,3642,0,0,1,41.0,perfective
2104,3644,0,0,1,9.0,perfective
2105,3645,0,0,1,59.0,nonfunctional
2106,3646,0,0,5,45.0,perfective
2107,3647,0,0,1,2.0,nonfunctional
2108,3648,0,0,1,3.0,corrective
2109,3649,0,0,1,8.0,nonfunctional
2110,3650,0,1,2,10.0,perfective
2111,3651,0,0,1,4.0,corrective
2112,3652,0,0,1,4.0,corrective
2113,3653,0,0,2,5.0,perfective
2114,3654,0,1,1,4.0,corrective
2115,3655,0,0,1,2.0,nonfunctional
2116,3656,0,0,2,31.5,perfective
2117,3657,0,0,1,9.0,perfective
2118,3658,0,0,2,52.5,nonfunctional
2119,3659,0,0,18,18.0,features
2120,3660,0,0,1,4.0,corrective
2121,3661,0,0,1,38.0,perfective
2122,3662,0,0,1,2.0,nonfunctional
2123,3663,0,0,2,57.5,perfective
2124,3664,0,0,1,33.0,features
2125,3665,0,0,6,4.0,perfective
2126,3666,0,0,2,17.0,corrective
2127,3667,0,0,1,1.0,perfective
2128,3668,0,0,1,10.0,perfective
2129,3669,0,0,1,5.0,perfective
2130,3670,0,0,2,2.5,features
2131,3671,0,0,2,28.5,perfective
2132,3672,0,0,12,9.5,perfective
2133,3673,0,0,1,4.0,features
2134,3674,0,1,1,16.0,perfective
2135,3675,0,0,4,9.0,corrective
2136,3676,0,0,5,12.0,perfective
2137,3677,0,0,1,2.0,nonfunctional
2138,3678,0,0,1,2.0,perfective
2139,3679,0,0,8,41.0,perfective
2140,3680,0,0,1,3.0,corrective
2141,3681,0,0,1,2.0,corrective
2142,3682,0,0,1,24.0,features
2143,3683,0,0,1,4.0,corrective
2144,3684,0,0,4,26.5,perfective
2145,3685,0,0,1,2.0,nonfunctional
2146,3686,0,0,1,9.0,perfective
2147,3687,0,0,1,2.0,nonfunctional
2148,3688,0,0,1,10.0,perfective
2149,3689,0,0,3,28.0,perfective
2150,3690,0,0,2,29.0,features
2151,3691,0,0,4,8.5,perfective
2152,3692,0,0,12,13.0,perfective
2153,3693,0,0,1,31.0,corrective
2154,3694,0,0,5,33.0,corrective
2155,3695,0,0,1,18.0,corrective
2156,3696,0,0,1,11.0,corrective
2157,3697,0,0,2,11.0,nonfunctional
2158,3698,0,0,1,1.0,perfective
2159,3700,0,0,3,47.0,perfective
2160,3701,0,0,1,2.0,corrective
2161,3702,0,0,4,36.0,perfective
2162,3703,0,0,1,2.0,nonfunctional
2163,3704,0,0,1,26.0,nonfunctional
2164,3705,0,0,1,2.0,nonfunctional
2165,3706,0,0,3,50.0,perfective
2166,3707,0,0,2,102.5,perfective
2167,3708,0,0,1,4.0,features
2168,3709,0,0,1,12.0,features
2169,3710,0,0,8,3.5,perfective
2170,3711,0,0,2,54.0,perfective
2171,3712,0,0,4,26.0,corrective
2172,3713,0,0,7,24.0,corrective
2173,3714,0,0,1,6.0,nonfunctional
2174,3715,0,0,2,5.0,perfective
2175,3716,0,0,2,32.5,corrective
2176,3717,0,0,1,10.0,perfective
2177,3718,0,0,1,113.0,corrective
2178,3719,0,0,2,28.0,perfective
2179,3720,0,0,1,3.0,features
2180,3721,0,0,10,45.0,perfective
2181,3722,0,0,1,60.0,corrective
2182,3723,0,0,1,2.0,perfective
2183,3724,0,0,1,4.0,nonfunctional
2184,3725,0,0,1,2.0,corrective
2185,3726,0,0,2,3.5,perfective
2186,3727,0,0,2,3.0,corrective
2187,3728,0,0,3,22.0,perfective
2188,3729,0,0,1,6.0,corrective
2189,3730,0,0,1,2.0,perfective
2190,3731,0,0,49,42.0,perfective
2191,3732,0,0,2,6.0,perfective
2192,3733,0,0,2,4.5,perfective
2193,3734,0,0,1,2.0,corrective
2194,3735,0,0,2,2.0,corrective
2195,3736,0,0,2,25.5,perfective
2196,3737,0,1,1,2.0,features
2197,3738,0,0,1,2.0,features
2198,3740,0,0,6,43.5,corrective
2199,3741,0,0,49,29.0,perfective
2200,3742,0,0,11,9.0,features
2201,3743,0,0,2,5.0,perfective
2202,3744,0,0,2,70.5,features
2203,3745,0,0,2,9.0,perfective
2204,2960,0,0,2,51.5,perfective
2205,3746,0,0,2,8.0,perfective
2206,3747,0,0,1,2.0,features
2207,3748,0,0,1,3.0,features
2208,3749,0,0,4,25.0,perfective
2209,3750,0,0,1,10.0,corrective
2210,3751,0,0,1,2.0,perfective
2211,3752,0,0,2,2.0,perfective
2212,3753,0,0,1,16.0,corrective
2213,3754,0,0,1,2.0,perfective
2214,3755,0,0,3,7.0,features
2215,3756,0,0,4,5.5,corrective
2216,3757,0,0,4,45.5,perfective
2217,3758,0,0,1,2.0,corrective
2218,3759,0,0,1,38.0,perfective
2219,3760,0,0,6,3.0,perfective
2220,3761,0,0,1,2.0,corrective
2221,3762,0,1,19,26.0,perfective
2222,3763,0,0,1,2.0,corrective
2223,3764,0,0,3,14.0,corrective
2224,3765,0,0,1,4.0,nonfunctional
2225,3766,0,0,1,57.0,perfective
2226,3767,0,0,1,2.0,nonfunctional
2227,3768,0,0,1,2.0,perfective
2228,3770,0,0,7,16.0,perfective
2229,3771,0,0,2,2.0,perfective
2230,3772,0,0,2,35.5,perfective
2231,3773,0,1,27,23.0,perfective
2232,3774,0,0,1,2.0,perfective
2233,3775,0,0,1,2.0,nonfunctional
2234,3776,0,0,1,10.0,corrective
2235,3777,0,0,1,6.0,corrective
2236,3778,0,0,1,2.0,perfective
2237,3779,0,0,2,22.0,perfective
2238,3780,0,0,1,13.0,perfective
2239,3782,0,0,1,2.0,features
2240,3783,0,0,2,22.0,features
2241,3784,0,0,1,2.0,nonfunctional
2242,3785,0,0,2,30.5,perfective
2243,3786,0,0,2,69.0,perfective
2244,3787,0,0,5,6.0,nonfunctional
2245,3788,0,0,1,4.0,corrective
2246,3789,0,1,2,2.0,perfective
2247,3790,0,0,1,48.0,corrective
2248,3791,0,0,4,10.0,perfective
2249,3792,0,0,1,2.0,features
2250,3793,0,0,1,62.0,perfective
2251,3794,0,1,1,2.0,corrective
2252,3795,0,1,1,158.0,features
2253,3796,0,0,1,2.0,nonfunctional
2254,3797,0,0,1,2.0,nonfunctional
2255,3798,0,0,2,2.0,perfective
2256,3799,0,0,5,11.0,perfective
2257,3800,0,1,1,15.0,features
2258,3801,0,0,2,31.5,perfective
2259,3802,0,0,1,18.0,features
2260,3803,0,0,2,36.0,perfective
2261,3805,0,0,2,34.5,corrective
2262,3806,0,0,1,4.0,perfective
2263,3807,0,0,1,2.0,nonfunctional
2264,3808,0,0,1,12.0,perfective
2265,3809,0,0,2,32.0,corrective
2266,3810,0,0,4,33.5,features
2267,3811,0,0,1,2.0,perfective
2268,3812,0,0,1,2.0,nonfunctional
2269,3813,0,0,6,39.0,perfective
2270,3814,0,0,1,26.0,perfective
2271,3815,0,0,1,2.0,perfective
2272,3816,0,0,6,25.5,corrective
2273,3817,0,1,1,37.0,features
2274,3818,0,0,1,34.0,perfective
2275,3819,0,0,2,116.5,perfective
2276,3820,0,0,1,10.0,perfective
2277,3821,0,0,2,27.0,perfective
2278,3822,0,0,6,11.5,perfective
2279,3823,0,0,3,26.0,features
2280,3824,0,0,16,44.0,perfective
2281,3825,0,0,1,18.0,perfective
2282,3826,0,0,1,6.0,corrective
2283,3827,0,0,3,57.0,perfective
2284,3828,0,0,3,11.0,perfective
2285,3829,0,0,1,4.0,nonfunctional
2286,3830,0,0,1,4.0,features
2287,3831,0,0,11,12.0,perfective
2288,3832,0,0,1,3.0,features
2289,3833,0,0,1,24.0,corrective
2290,3834,0,0,1,6.0,perfective
2291,3835,0,0,1,9.0,features
2292,3836,0,0,1,5.0,perfective
2293,3837,0,0,3,20.0,perfective
2294,3838,0,0,3,9.0,corrective
2295,3839,0,0,1,16.0,perfective
2296,3840,0,0,1,4.0,perfective
2297,3841,0,0,1,53.0,perfective
2298,3842,0,0,1,12.0,corrective
2299,3843,0,0,1,2.0,perfective
2300,3844,0,0,2,58.0,corrective
2301,3845,0,0,1,2.0,features
2302,3846,0,0,2,6.0,perfective
2303,3847,0,0,1,2.0,perfective
2304,3848,0,0,1,53.0,perfective
2305,3849,0,0,2,39.0,perfective
2306,3850,0,0,4,37.5,features
2307,3851,0,0,1,45.0,perfective
2308,3852,0,0,3,35.0,corrective
2309,3853,0,0,1,18.0,perfective
2310,3854,0,0,1,2.0,features
2311,3855,0,0,3,12.0,perfective
2312,3856,0,0,4,10.5,perfective
2313,3857,0,0,1,162.0,features
2314,3858,0,0,68,29.0,perfective
2315,3859,0,0,1,58.0,features
2316,3860,0,0,3,26.0,perfective
2317,3861,0,0,1,6.0,nonfunctional
2318,3862,0,0,2,99.0,corrective
2319,3863,0,0,2,5.0,corrective
2320,3864,0,0,1,15.0,perfective
2321,3865,0,0,1,47.0,perfective
2322,3866,0,0,2,34.5,corrective
2323,3867,0,0,3,10.0,perfective
2324,3868,0,1,18,31.0,features
2325,3869,0,0,13,60.0,corrective
2326,3870,0,0,3,34.0,corrective
2327,3871,0,0,3,58.0,perfective
2328,3872,0,0,1,23.0,perfective
2329,3873,0,0,2,50.5,perfective
2330,3874,0,0,1,17.0,corrective
2331,3876,0,0,1,18.0,perfective
2332,3877,0,0,6,45.5,perfective
2333,3878,0,0,1,2.0,perfective
2334,3879,0,0,1,6.0,corrective
2335,3880,0,1,20,26.5,perfective
2336,3881,0,0,2,5.0,corrective
2337,3882,0,0,1,20.0,features
2338,3883,0,0,2,182.0,corrective
2339,3884,0,0,2,4.0,perfective
2340,3885,0,0,6,29.0,perfective
2341,3886,0,0,1,18.0,nonfunctional
2342,3887,0,0,1,6.0,corrective
2343,3888,0,0,4,76.5,perfective
2344,3889,0,0,1,34.0,corrective
2345,3890,0,0,4,50.0,perfective
2346,3892,0,0,2,10.0,perfective
2347,3893,0,0,1,51.0,features
2348,3894,0,0,2,31.0,perfective
2349,3895,0,0,1,37.0,perfective
2350,3896,0,0,1,57.0,nonfunctional
2351,3897,0,0,1,6.0,perfective
2352,3898,0,0,4,46.0,corrective
2353,3899,0,0,3,5.0,perfective
2354,3900,0,0,5,13.0,perfective
2355,3901,0,0,3,5.0,perfective
2356,3902,0,1,1,4.0,features
2357,3903,0,0,1,38.0,nonfunctional
2358,3904,0,0,2,139.0,perfective
2359,3905,0,0,1,2.0,perfective
2360,3906,0,0,1,5.0,perfective
2361,3907,0,0,1,1.0,features
2362,3908,0,0,3,2.0,features
2363,3910,0,0,2,10.5,perfective
2364,3911,0,0,4,29.0,perfective
2365,3912,0,0,5,21.0,corrective
2366,3913,0,0,1,4.0,nonfunctional
2367,3914,0,0,1,37.0,corrective
2368,3915,0,0,2,6.5,nonfunctional
2369,3916,0,0,3,20.0,corrective
2370,3917,0,0,12,34.5,perfective
2371,3918,0,0,3,30.0,perfective
2372,3919,0,0,2,12.0,perfective
2373,3920,0,0,9,7.0,perfective
2374,3921,0,0,2,37.0,perfective
2375,3922,0,0,1,18.0,nonfunctional
2376,3923,0,0,1,3.0,nonfunctional
2377,3924,0,1,16,19.5,perfective
2378,3925,0,0,4,68.5,features
2379,3926,0,0,3,53.0,features
2380,3927,0,1,1,4.0,nonfunctional
2381,3928,0,0,1,2.0,corrective
2382,3929,0,0,1,4.0,corrective
2383,3930,0,0,2,38.5,features
2384,3931,0,0,3,51.0,perfective
2385,3932,0,0,1,2.0,nonfunctional
2386,3933,0,0,2,8.0,corrective
2387,3934,0,0,2,17.0,corrective
2388,3935,0,0,2,29.0,perfective
2389,3937,0,0,1,21.0,corrective
2390,3938,0,0,2,229.5,corrective
2391,3939,0,0,2,46.0,features
2392,3940,0,0,7,27.0,perfective
2393,3941,0,0,2,6.5,perfective
2394,3942,0,0,1,51.0,features
2395,3943,0,0,1,3.0,features
2396,3944,0,0,5,34.0,features
2397,3945,0,0,1,2.0,features
2398,3946,0,0,1,13.0,features
2399,3947,0,0,7,25.0,perfective
2400,3948,0,1,1,14.0,corrective
2401,3949,0,0,4,4.5,features
2402,3950,1,1,20,44.0,features
2403,3951,0,0,1,1.0,features
2404,3952,0,0,9,15.0,features
2405,3953,0,0,6,43.0,features
2406,3954,0,0,2,12.0,perfective
2407,3955,0,0,4,26.0,perfective
2408,3956,0,0,1,175.0,corrective
2409,3957,0,1,5,7.0,corrective
2410,3958,0,0,3,27.0,perfective
2411,3959,0,0,1,118.0,features
2412,3960,0,0,2,26.5,perfective
2413,3961,0,0,1,2.0,perfective
2414,3962,0,0,1,22.0,features
2415,3963,0,0,3,2.0,perfective
2416,3964,0,0,14,3.5,perfective
2417,3965,0,0,1,2.0,perfective
2418,3966,0,0,4,26.5,corrective
2419,3967,0,0,1,14.0,perfective
2420,3968,0,0,1,36.0,corrective
2421,3969,0,0,2,22.5,perfective
2422,3970,0,0,1,90.0,perfective
2423,3971,0,0,1,81.0,perfective
2424,3972,0,0,1,12.0,perfective
2425,3973,0,0,1,22.0,features
2426,3974,0,0,1,84.0,perfective
2427,3975,0,0,1,4.0,nonfunctional
2428,3976,0,0,1,14.0,perfective
2429,3977,0,0,2,41.0,corrective
2430,3978,0,0,2,2.0,corrective
2431,3979,0,1,17,33.0,perfective
2432,3980,0,0,66,34.5,perfective
2433,3981,0,0,1,18.0,perfective
2434,3982,0,0,2,19.5,corrective
2435,3983,0,0,2,81.5,perfective
2436,3984,0,0,1,24.0,perfective
2437,3985,0,0,1,2.0,perfective
2438,4162,0,0,1,1.0,features
2439,3987,0,1,1,5.0,perfective
2440,3988,0,0,1,2.0,features
2441,4163,0,0,3,23.0,corrective
2442,3989,0,0,1,41.0,features
2443,3990,0,0,4,42.0,perfective
2444,3991,0,1,32,20.5,perfective
2445,3992,0,0,1,35.0,corrective
2446,3993,0,0,1,90.0,perfective
2447,3994,0,0,2,58.5,perfective
2448,3995,0,0,3,4.0,perfective
2449,3996,0,0,1,2.0,nonfunctional
2450,3997,0,0,1,2.0,perfective
2451,3998,0,0,65,18.0,perfective
2452,3999,0,0,35,20.0,perfective
2453,4000,0,0,1,2.0,perfective
2454,4001,0,0,8,60.5,corrective
2455,4002,0,0,1,54.0,features
2456,4003,0,0,1,2.0,perfective
2457,4004,0,0,1,17.0,perfective
2458,4005,0,1,8,12.5,perfective
2459,4006,0,0,4,12.5,features
2460,4007,0,0,2,17.0,corrective
2461,4008,0,0,6,6.5,features
2462,4009,0,0,5,3.0,perfective
2463,4010,0,0,5,20.0,perfective
2464,4011,0,0,3,4.0,corrective
2465,4012,0,0,4,29.5,perfective
2466,4013,0,0,2,44.0,corrective
2467,4014,0,0,5,55.0,perfective
2468,4015,0,0,6,35.0,perfective
2469,3909,0,0,1,50.0,corrective
2470,4016,0,0,3,46.0,features
2471,4017,0,0,1,14.0,corrective
2472,4018,0,0,2,13.0,corrective
2473,4019,0,0,1,2.0,corrective
2474,4020,0,0,1,27.0,corrective
2475,4021,0,0,7,42.0,perfective
2476,4022,0,0,1,38.0,perfective
2477,4023,0,0,4,50.5,perfective
2478,4024,0,0,1,1.0,perfective
2479,4025,0,0,1,2.0,corrective
2480,4026,0,0,1,32.0,perfective
2481,4027,0,0,1,17.0,perfective
2482,4028,0,0,4,25.5,perfective
2483,4029,0,0,1,18.0,corrective
2484,4030,0,0,1,21.0,perfective
2485,4031,0,0,6,6.0,perfective
2486,4032,0,0,2,11.0,corrective
2487,4033,0,0,3,29.0,perfective
2488,4034,0,0,1,4.0,corrective
2489,4035,0,1,2,8.5,corrective
2490,4036,0,0,1,5.0,perfective
2491,4037,0,0,2,31.5,perfective
2492,4038,0,1,1,17.0,features
2493,4039,0,1,10,36.0,perfective
2494,4040,0,0,9,18.0,perfective
2495,4041,0,0,1,4.0,features
2496,4042,0,0,1,70.0,perfective
2497,4043,0,0,3,3.0,perfective
2498,4044,0,0,3,52.0,corrective
2499,4045,0,0,2,4.5,perfective
2500,4046,0,0,1,3.0,corrective
2501,4047,0,0,1,4.0,perfective
2502,4048,0,0,1,2.0,features
2503,4049,0,0,2,4.0,features
2504,4050,0,0,1,4.0,features
2505,4051,0,0,1,2.0,corrective
2506,4052,0,0,1,2.0,perfective
2507,4053,0,0,1,2.0,corrective
2508,4054,0,0,1,2.0,features
2509,4055,0,0,1,42.0,perfective
2510,4056,0,0,24,43.0,perfective
2511,4057,0,0,1,2.0,perfective
2512,4058,0,0,1,1.0,corrective
2513,4059,0,0,3,9.0,corrective
2514,4060,0,0,5,31.0,perfective
2515,4061,0,0,1,30.0,features
2516,4062,0,0,1,23.0,features
2517,4063,0,0,2,15.5,corrective
2518,4064,0,0,3,8.0,nonfunctional
2519,4065,0,1,9,13.0,perfective
2520,4066,0,0,1,60.0,features
2521,4067,0,0,3,5.0,perfective
2522,4069,0,0,1,7.0,perfective
2523,4070,0,0,1,2.0,features
2524,4071,0,0,1,2.0,features
2525,4072,0,0,1,2.0,perfective
2526,4073,0,0,5,4.0,perfective
2527,4074,0,0,6,5.0,perfective
2528,4075,0,0,1,127.0,perfective
2529,4076,0,0,4,11.5,perfective
2530,4077,0,1,1,279.0,features
2531,4078,0,0,5,20.0,perfective
2532,4079,0,0,2,11.5,perfective
2533,4080,0,0,1,4.0,perfective
2534,4081,0,0,2,31.5,perfective
2535,4082,0,0,1,4.0,perfective
2536,4083,0,0,1,2.0,nonfunctional
2537,4084,0,0,4,5.0,perfective
2538,4085,0,0,1,2.0,corrective
2539,4086,0,0,1,2.0,perfective
2540,4087,0,0,42,21.0,perfective
2541,4088,0,0,4,19.0,corrective
2542,4089,0,0,1,40.0,features
2543,4090,0,0,1,10.0,nonfunctional
2544,4091,0,0,1,23.0,features
2545,4092,0,0,1,34.0,perfective
2546,4093,0,0,9,50.0,perfective
2547,4094,0,0,28,44.0,perfective
2548,4095,0,0,1,2.0,features
2549,4096,0,0,1,6.0,perfective
2550,4097,0,0,2,28.5,corrective
2551,4098,0,0,1,2.0,perfective
2552,4099,0,0,1,8.0,perfective
2553,4100,0,0,1,7.0,corrective
2554,4101,0,0,3,22.0,corrective
2555,4102,0,0,1,14.0,perfective
2556,4103,0,0,1,16.0,nonfunctional
2557,4104,0,0,4,42.5,corrective
2558,4105,0,0,2,2.0,corrective
2559,4106,0,1,12,18.0,perfective
2560,4107,0,1,1,39.0,corrective
2561,4108,0,0,9,8.0,perfective
2562,4109,0,0,1,4.0,perfective
2563,4110,0,0,4,17.5,perfective
2564,4111,0,0,6,12.5,features
2565,4112,0,0,4,33.5,perfective
2566,4113,0,0,8,31.0,perfective
2567,4114,0,0,3,10.0,perfective
2568,4115,0,0,4,9.0,perfective
2569,4116,0,1,19,59.0,features
2570,4117,0,0,1,4.0,perfective
2571,4118,0,0,6,25.5,corrective
2572,4119,0,0,8,18.5,perfective
2573,4120,0,0,1,66.0,features
2574,4121,0,0,11,29.0,perfective
2575,4122,0,0,1,51.0,corrective
2576,4123,0,0,2,3.5,perfective
2577,4124,0,0,45,33.0,perfective
2578,4125,0,0,3,6.0,perfective
2579,4126,0,0,1,4.0,perfective
2580,4127,0,0,1,8.0,corrective
2581,4128,0,0,3,71.0,corrective
2582,4129,0,0,7,53.0,features
2583,4130,0,0,3,4.0,perfective
2584,4131,0,0,1,5.0,perfective
2585,4132,0,0,4,4.5,features
2586,4133,0,0,4,2.0,corrective
2587,4134,0,0,1,2.0,perfective
2588,4135,0,0,1,18.0,perfective
2589,4136,0,0,18,10.0,features
2590,4137,0,0,1,2.0,nonfunctional
2591,4138,0,0,2,2.0,perfective
2592,4140,0,1,24,32.0,perfective
2593,4141,0,0,1,15.0,corrective
2594,4142,0,1,1,20.0,nonfunctional
2595,4143,0,1,28,46.5,perfective
2596,4144,0,0,3,26.0,features
2597,4145,0,0,5,71.0,features
2598,4147,0,1,1,12.0,corrective
2599,4148,0,0,1,2.0,corrective
2600,4150,0,1,6,42.5,perfective
2601,4151,0,0,1,107.0,perfective
2602,4152,0,0,7,42.0,perfective
2603,4153,0,1,39,12.0,corrective
2604,4154,0,0,31,28.0,perfective
2605,4155,0,0,3,36.0,perfective
2606,4156,0,0,2,49.0,perfective
2607,4157,0,1,1,22.0,nonfunctional
2608,4158,0,0,1,2.0,corrective
